{"val_loss": 0.024218125268816948, "val_acc_step": 0.9940711259841919, "val_acc_epoch": 0.9940711259841919, "epoch": 49, "trainer/global_step": 399, "_runtime": 98, "_timestamp": 1647265403, "_step": 107, "train_acc_epoch": 0.9407114386558533, "train_loss": 0.1992558240890503, "train_acc_step": 0.9482758641242981, "gradients/model.8.bias": {"_type": "histogram", "values": [1.0, 0.0, 0.0, 0.0, 1.0, 0.0, 0.0, 0.0, 0.0, 0.0, 0.0, 0.0, 0.0, 0.0, 0.0, 0.0, 0.0, 0.0, 0.0, 0.0, 0.0, 0.0, 0.0, 0.0, 0.0, 0.0, 0.0, 0.0, 0.0, 1.0, 0.0, 0.0, 0.0, 0.0, 0.0, 0.0, 0.0, 3.0, 2.0, 0.0, 1.0, 0.0, 0.0, 0.0, 0.0, 0.0, 1.0, 0.0, 0.0, 1.0, 0.0, 0.0, 1.0, 0.0, 0.0, 0.0, 0.0, 0.0, 0.0, 0.0, 0.0, 0.0, 0.0, 1.0], "bins": [-0.027688901871442795, -0.0269327349960804, -0.026176566258072853, -0.025420397520065308, -0.02466423064470291, -0.023908063769340515, -0.02315189503133297, -0.022395726293325424, -0.021639559417963028, -0.02088339254260063, -0.020127223804593086, -0.01937105506658554, -0.018614888191223145, -0.01785872131586075, -0.017102552577853203, -0.016346383839845657, -0.015590216964483261, -0.01483404915779829, -0.01407788135111332, -0.013321713544428349, -0.012565545737743378, -0.011809377931058407, -0.011053210124373436, -0.010297042317688465, -0.009540874511003494, -0.008784706704318523, -0.008028538897633553, -0.007272371090948582, -0.006516203284263611, -0.00576003547757864, -0.005003867670893669, -0.004247699864208698, -0.003491530194878578, -0.0027353623881936073, -0.0019791945815086365, -0.0012230267748236656, -0.00046685896813869476, 0.0002893088385462761, 0.001045476645231247, 0.0018016444519162178, 0.0025578122586011887, 0.0033139800652861595, 0.00407014787197113, 0.004826315678656101, 0.005582483485341072, 0.006338651292026043, 0.007094819098711014, 0.007850986905395985, 0.008607154712080956, 0.009363322518765926, 0.010119490325450897, 0.010875658132135868, 0.011631825938820839, 0.01238799374550581, 0.01314416155219078, 0.013900329358875751, 0.014656497165560722, 0.015412664972245693, 0.016168832778930664, 0.01692499965429306, 0.017681168392300606, 0.01843733713030815, 0.019193504005670547, 0.019949670881032944, 0.02070583961904049]}, "gradients/model.8.weight": {"_type": "histogram", "values": [1.0, 0.0, 0.0, 0.0, 0.0, 0.0, 0.0, 0.0, 0.0, 1.0, 0.0, 0.0, 0.0, 0.0, 1.0, 1.0, 0.0, 1.0, 0.0, 0.0, 0.0, 0.0, 1.0, 1.0, 1.0, 1.0, 3.0, 1.0, 2.0, 2.0, 5.0, 34.0, 1583.0, 9.0, 4.0, 2.0, 1.0, 3.0, 0.0, 0.0, 1.0, 0.0, 1.0, 0.0, 0.0, 1.0, 1.0, 0.0, 0.0, 0.0, 0.0, 0.0, 0.0, 0.0, 1.0, 0.0, 0.0, 0.0, 0.0, 0.0, 0.0, 0.0, 0.0, 1.0], "bins": [-0.054135873913764954, -0.05244449898600578, -0.050753120332956314, -0.049061745405197144, -0.047370366752147675, -0.045678991824388504, -0.043987616896629333, -0.042296238243579865, -0.040604859590530396, -0.038913484662771225, -0.037222106009721756, -0.035530731081962585, -0.033839352428913116, -0.032147977501153946, -0.030456600710749626, -0.028765223920345306, -0.027073848992586136, -0.025382472202181816, -0.023691095411777496, -0.021999720484018326, -0.020308341830968857, -0.018616966903209686, -0.016925590112805367, -0.015234213322401047, -0.013542836531996727, -0.011851459741592407, -0.010160082951188087, -0.008468707092106342, -0.0067773303017020226, -0.005085953511297703, -0.0033945776522159576, -0.0017032008618116379, -1.1824071407318115e-05, 0.001679552486166358, 0.003370929043740034, 0.0050623053684830666, 0.006753682158887386, 0.008445058949291706, 0.010136434808373451, 0.011827811598777771, 0.01351918838918209, 0.01521056517958641, 0.01690194196999073, 0.01859331876039505, 0.02028469368815422, 0.02197607234120369, 0.02366744726896286, 0.02535882405936718, 0.0270502008497715, 0.02874157764017582, 0.03043295443058014, 0.03212432935833931, 0.03381570801138878, 0.03550708293914795, 0.03719846159219742, 0.03888983651995659, 0.04058121144771576, 0.04227258637547493, 0.0439639650285244, 0.04565533995628357, 0.04734671860933304, 0.04903809353709221, 0.05072946846485138, 0.05242084711790085, 0.05411222577095032]}, "gradients/model.5.weight": {"_type": "histogram", "values": [1.0, 0.0, 0.0, 0.0, 0.0, 1.0, 0.0, 1.0, 0.0, 0.0, 0.0, 0.0, 1.0, 0.0, 0.0, 0.0, 0.0, 0.0, 0.0, 0.0, 0.0, 1.0, 0.0, 0.0, 1.0, 0.0, 0.0, 0.0, 0.0, 0.0, 0.0, 0.0, 0.0, 0.0, 1.0, 1.0, 0.0, 2.0, 3.0, 109.0, 0.0, 0.0, 0.0, 0.0, 1.0, 1.0, 0.0, 1.0, 0.0, 0.0, 1.0, 0.0, 0.0, 0.0, 0.0, 0.0, 0.0, 0.0, 0.0, 0.0, 0.0, 0.0, 1.0, 1.0], "bins": [-0.05619819089770317, -0.054769035428762436, -0.0533398762345314, -0.05191072076559067, -0.050481561571359634, -0.0490524061024189, -0.047623246908187866, -0.04619409143924713, -0.044764935970306396, -0.04333578050136566, -0.04190662130713463, -0.04047746583819389, -0.03904830664396286, -0.037619151175022125, -0.03618999570608139, -0.03476083651185036, -0.033331677317619324, -0.03190252184867859, -0.030473362654447556, -0.02904420718550682, -0.027615049853920937, -0.026185892522335052, -0.02475673519074917, -0.023327577859163284, -0.02189842239022255, -0.020469265058636665, -0.01904010772705078, -0.017610952258110046, -0.016181794926524162, -0.014752637594938278, -0.013323480263352394, -0.011894323863089085, -0.010465167462825775, -0.009036010131239891, -0.007606853730976582, -0.0061776963993906975, -0.004748539533466101, -0.003319382667541504, -0.0018902253359556198, -0.00046106893569231033, 0.0009680883958935738, 0.0023972452618181705, 0.003826402360573411, 0.005255559459328651, 0.006684716325253248, 0.008113873191177845, 0.009543030522763729, 0.010972186923027039, 0.012401344254612923, 0.013830501586198807, 0.015259657986462116, 0.016688816249370575, 0.01811797171831131, 0.019547129049897194, 0.020976286381483078, 0.022405441850423813, 0.023834601044654846, 0.02526375837624073, 0.026692915707826614, 0.02812207117676735, 0.029551228508353233, 0.030980385839939117, 0.03240954130887985, 0.033838700503110886, 0.03526785597205162]}, "gradients/model.5.bias": {"_type": "histogram", "values": [1.0, 0.0, 0.0, 0.0, 0.0, 0.0, 0.0, 0.0, 0.0, 0.0, 0.0, 0.0, 0.0, 0.0, 0.0, 0.0, 0.0, 2.0, 0.0, 0.0, 0.0, 0.0, 0.0, 1.0, 1.0, 0.0, 1.0, 2.0, 1.0, 1.0, 109.0, 3.0, 0.0, 2.0, 0.0, 0.0, 0.0, 1.0, 0.0, 1.0, 0.0, 0.0, 0.0, 0.0, 0.0, 0.0, 0.0, 0.0, 0.0, 1.0, 0.0, 0.0, 0.0, 0.0, 0.0, 0.0, 0.0, 0.0, 0.0, 0.0, 0.0, 0.0, 0.0, 1.0], "bins": [-0.09727158397436142, -0.09411627799272537, -0.09096096456050873, -0.08780565857887268, -0.08465035259723663, -0.08149504661560059, -0.07833973318338394, -0.0751844272017479, -0.07202911376953125, -0.0688738077878952, -0.06571849435567856, -0.06256318837404251, -0.059407882392406464, -0.05625257268548012, -0.05309726297855377, -0.049941956996917725, -0.04678665101528168, -0.04363134130835533, -0.040476035326719284, -0.03732072561979294, -0.03416541963815689, -0.031010109931230545, -0.0278548002243042, -0.024699492380023003, -0.021544184535741806, -0.01838887669146061, -0.015233567915856838, -0.012078259140253067, -0.00892295129597187, -0.005767643451690674, -0.002612333744764328, 0.0005429740995168686, 0.003698289394378662, 0.006853597704321146, 0.01000890601426363, 0.013164214789867401, 0.016319522634148598, 0.019474830478429794, 0.02263014018535614, 0.025785448029637337, 0.028940755873918533, 0.03209606558084488, 0.035251371562480927, 0.03840668126940727, 0.04156199097633362, 0.044717296957969666, 0.04787260666489601, 0.05102791637182236, 0.054183222353458405, 0.05733853206038475, 0.0604938380420208, 0.06364914774894714, 0.06680445373058319, 0.06995975971221924, 0.07311507314443588, 0.07627037912607193, 0.07942569255828857, 0.08258099853992462, 0.08573631197214127, 0.08889161795377731, 0.09204692393541336, 0.09520223736763, 0.09835754334926605, 0.1015128493309021, 0.10466815531253815]}, "gradients/model.4.bias": {"_type": "histogram",