{"val_loss": 3.4409687941661105e-05, "val_acc_step": 1.0, "val_acc_epoch": 1.0, "epoch": 49, "trainer/global_step": 399, "_runtime": 32, "_timestamp": 1647264608, "_step": 107, "train_acc_epoch": 1.0, "train_loss": 0.00015649813576601446, "train_acc_step": 1.0, "gradients/linear.bias": {"_type": "histogram", "values": [1.0, 0.0, 0.0, 0.0, 0.0, 0.0, 0.0, 0.0, 0.0, 0.0, 0.0, 0.0, 0.0, 0.0, 0.0, 0.0, 0.0, 0.0, 0.0, 0.0, 0.0, 0.0, 0.0, 0.0, 0.0, 0.0, 0.0, 0.0, 0.0, 0.0, 0.0, 0.0, 0.0, 0.0, 9.0, 1.0, 1.0, 0.0, 0.0, 0.0, 0.0, 0.0, 0.0, 0.0, 0.0, 0.0, 0.0, 0.0, 0.0, 0.0, 0.0, 0.0, 0.0, 0.0, 0.0, 0.0, 0.0, 0.0, 0.0, 0.0, 0.0, 0.0, 0.0, 1.0], "bins": [-0.00015342066762968898, -0.00014891481259837747, -0.00014440894301515073, -0.00013990307343192399, -0.00013539721840061247, -0.00013089136336930096, -0.00012638549378607422, -0.0001218796314788051, -0.00011737376917153597, -0.00011286790686426684, -0.00010836204455699772, -0.00010385618224972859, -9.935031994245946e-05, -9.484445763519034e-05, -9.033859532792121e-05, -8.583273302065209e-05, -8.132687071338296e-05, -7.682100840611383e-05, -7.231514609884471e-05, -6.780928379157558e-05, -6.330342148430645e-05, -5.879755917703733e-05, -5.42916968697682e-05, -4.9785834562499076e-05, -4.527997225522995e-05, -4.0774109947960824e-05, -3.62682476406917e-05, -3.176238533342257e-05, -2.7256523026153445e-05, -2.275066071888432e-05, -1.8244798411615193e-05, -1.3738936104346067e-05, -9.23307379707694e-06, -4.727211489807814e-06, -2.2134918253868818e-07, 4.284513124730438e-06, 8.790375431999564e-06, 1.329623773926869e-05, 1.7802100046537817e-05, 2.2307962353806943e-05, 2.681382466107607e-05, 3.1319686968345195e-05, 3.582554927561432e-05, 4.033141158288345e-05, 4.4837273890152574e-05, 4.93431361974217e-05, 5.3848998504690826e-05, 5.835486081195995e-05, 6.286072311922908e-05, 6.73665854264982e-05, 7.187244773376733e-05, 7.637831004103646e-05, 8.088417234830558e-05, 8.539003465557471e-05, 8.989589696284384e-05, 9.440175927011296e-05, 9.890762157738209e-05, 0.00010341348388465121, 0.00010791934619192034, 0.00011242520849918947, 0.00011693107080645859, 0.00012143693311372772, 0.00012594279542099684, 0.00013044866500422359, 0.0001349545200355351]}, "gradients/linear.weight": {"_type": "histogram", "values": [1.0, 1.0, 0.0, 0.0, 2.0, 1.0, 0.0, 0.0, 0.0, 0.0, 0.0, 2.0, 2.0, 2.0, 0.0, 0.0, 0.0, 1.0, 0.0, 1.0, 0.0, 1.0, 0.0, 2.0, 2.0, 2.0, 3.0, 3.0, 2.0, 3.0, 3.0, 6.0, 1490.0, 83.0, 13.0, 7.0, 5.0, 3.0, 2.0, 2.0, 3.0, 3.0, 1.0, 0.0, 0.0, 1.0, 0.0, 0.0, 0.0, 1.0, 2.0, 2.0, 0.0, 1.0, 0.0, 0.0, 0.0, 1.0, 1.0, 1.0, 0.0, 1.0, 0.0, 1.0], "bins": [-0.00018294081382919103, -0.00017738452879711986, -0.00017182822921313345, -0.00016627194418106228, -0.0001607156591489911, -0.0001551593595650047, -0.00014960307453293353, -0.00014404678950086236, -0.00013849048991687596, -0.00013293420488480479, -0.00012737790530081838, -0.00012182162026874721, -0.00011626532796071842, -0.00011070903565268964, -0.00010515275062061846, -9.959645831258968e-05, -9.40401732805185e-05, -8.848388097248971e-05, -8.292759594041854e-05, -7.737130363238975e-05, -7.181501132436097e-05, -6.62587262922898e-05, -6.0702433984261006e-05, -5.514614167623222e-05, -4.958985300618224e-05, -4.403356433613226e-05, -3.847727202810347e-05, -3.292098335805349e-05, -2.7364692869014107e-05, -2.1808402379974723e-05, -1.6252113709924743e-05, -1.0695821401895955e-05, -5.139532731845975e-06, 4.16757302446058e-07, 5.973047336738091e-06, 1.1529336916282773e-05, 1.7085627405322157e-05, 2.264191789436154e-05, 2.819820656441152e-05, 3.375449887244031e-05, 3.931078754249029e-05, 4.486707621254027e-05, 5.0423368520569056e-05, 5.5979657190619037e-05, 6.153594586066902e-05, 6.70922381686978e-05, 7.264853047672659e-05, 7.820481550879776e-05, 8.376110781682655e-05, 8.931740012485534e-05, 9.487368515692651e-05, 0.0001004299774649553, 0.00010598626977298409, 0.00011154255480505526, 0.00011709884711308405, 0.00012265513942111284, 0.000128211424453184, 0.00013376770948525518, 0.00013932400906924158, 0.00014488029410131276, 0.00015043657913338393, 0.00015599287871737033, 0.0001615491637494415, 0.0001671054633334279, 0.00017266174836549908]}, "gradients/bn.weight": {"_type": "histogram", "values": [1.0, 1.0, 0.0, 2.0, 0.0, 0.0, 0.0, 1.0, 0.0, 0.0, 1.0, 0.0, 0.0, 1.0, 1.0, 0.0, 0.0, 5.0, 0.0, 3.0, 3.0, 2.0, 0.0, 1.0, 2.0, 6.0, 86.0, 4.0, 0.0, 0.0, 2.0, 0.0, 2.0, 0.0, 0.0, 0.0, 0.0, 0.0, 0.0, 0.0, 0.0, 0.0, 0.0, 0.0, 0.0, 0.0, 0.0, 0.0, 1.0, 0.0, 0.0, 0.0, 0.0, 0.0, 0.0, 1.0, 0.0, 0.0, 0.0, 1.0, 0.0, 0.0, 0.0, 1.0], "bins": [-0.0001037119873217307, -9.981081529986113e-05, -9.590964327799156e-05, -9.200847125612199e-05, -8.810729195829481e-05, -8.420611993642524e-05, -8.030494791455567e-05, -7.64037758926861e-05, -7.250260387081653e-05, -6.860143184894696e-05, -6.470025982707739e-05, -6.079908416722901e-05, -5.6897908507380635e-05, -5.2996736485511065e-05, -4.9095564463641495e-05, -4.5194392441771924e-05, -4.129321314394474e-05, -3.739204112207517e-05, -3.349086546222679e-05, -2.9589693440357223e-05, -2.568851959949825e-05, -2.1787345758639276e-05, -1.7886173736769706e-05, -1.3984999895910732e-05, -1.0083826055051759e-05, -6.182652668940136e-06, -2.2814792828285135e-06, 1.6196936485357583e-06, 5.520867489394732e-06, 9.422041330253705e-06, 1.3323213352123275e-05, 1.722438719298225e-05, 2.1125568309798837e-05, 2.502674215065781e-05, 2.8927915991516784e-05, 3.2829088013386354e-05, 3.673026367323473e-05, 4.06314356951043e-05, 4.453260771697387e-05, 4.843377973884344e-05, 5.233495539869182e-05, 5.623612742056139e-05, 6.0137303080409765e-05, 6.403847510227934e-05, 6.79396471241489e-05, 7.184082642197609e-05, 7.574199116788805e-05, 7.964317046571523e-05, 8.35443424875848e-05, 8.744551450945437e-05, 9.134668653132394e-05, 9.524785855319351e-05, 9.91490378510207e-05, 0.00010305020987289026, 0.00010695138189475983, 0.0001108525539166294, 0.00011475372593849897, 0.00011865489796036854, 0.00012255606998223811, 0.0001264572492800653, 0.00013035841402597725, 0.00013425959332380444, 0.00013816077262163162, 0.00014206193736754358, 0.00014596311666537076]}, "gradients/bn.bias": {"_type": "histogram", "values": [1.0, 0.0, 0.0, 0.0, 0.0, 0.0, 0.0, 1.0, 0.0, 0.0, 2.0, 1.0, 1.0, 0.0, 0.0, 0.0, 1.0, 0.0, 0.0, 0.0, 0.0, 2.0, 1.0, 1.0, 2.0, 2.0, 0.0, 0.0, 2.0, 0.0, 2.0, 0.0, 1.0, 3.0, 1.0, 4.0, 7.0, 82.0, 4.0, 2.0, 1.0, 0.0, 0.0, 0.0, 0.0, 0.0, 0.0, 0.0, 0.0, 1.0, 0.0, 0.0, 0.0, 0.0, 1.0, 0.0, 0.0, 0.0, 0.0, 0.0, 1.0, 0.0, 0.0, 1.0],