{"val_loss": 3.28799505950883e-05, "val_acc_step": 1.0, "val_acc_epoch": 1.0, "epoch": 49, "trainer/global_step": 399, "_runtime": 38, "_timestamp": 1647264567, "_step": 107, "train_acc_epoch": 1.0, "train_loss": 6.178625335451216e-05, "train_acc_step": 1.0, "gradients/linear.bias": {"_type": "histogram", "values": [1.0, 0.0, 0.0, 0.0, 0.0, 0.0, 0.0, 0.0, 0.0, 0.0, 0.0, 0.0, 0.0, 0.0, 0.0, 0.0, 0.0, 0.0, 0.0, 0.0, 0.0, 0.0, 0.0, 0.0, 0.0, 0.0, 0.0, 0.0, 0.0, 0.0, 1.0, 0.0, 0.0, 0.0, 0.0, 0.0, 2.0, 0.0, 0.0, 3.0, 0.0, 0.0, 0.0, 0.0, 3.0, 0.0, 0.0, 1.0, 1.0, 0.0, 0.0, 0.0, 0.0, 0.0, 0.0, 0.0, 0.0, 0.0, 0.0, 0.0, 0.0, 0.0, 0.0, 1.0], "bins": [-3.7633446481777355e-05, -3.668692443170585e-05, -3.574039874365553e-05, -3.4793876693584025e-05, -3.384735100553371e-05, -3.29008289554622e-05, -3.195430326741189e-05, -3.100778121734038e-05, -3.0061255529290065e-05, -2.9114731660229154e-05, -2.8168207791168243e-05, -2.722168392210733e-05, -2.627516005304642e-05, -2.532863618398551e-05, -2.4382112314924598e-05, -2.3435588445863687e-05, -2.2489064576802775e-05, -2.1542540707741864e-05, -2.0596016838680953e-05, -1.964949296962004e-05, -1.870296910055913e-05, -1.775644523149822e-05, -1.6809921362437308e-05, -1.5863397493376397e-05, -1.4916875443304889e-05, -1.3970351574243978e-05, -1.3023827705183066e-05, -1.2077303836122155e-05, -1.1130779967061244e-05, -1.0184256098000333e-05, -9.237732228939421e-06, -8.29120835987851e-06, -7.344684490817599e-06, -6.398160621756688e-06, -5.4516367526957765e-06, -4.505112883634865e-06, -3.5585892419476295e-06, -2.6120656002603937e-06, -1.6655417311994825e-06, -7.190178621385712e-07, 2.2750600692234002e-07, 1.1740298759832513e-06, 2.1205537450441625e-06, 3.0670773867313983e-06, 4.013601028418634e-06, 4.960124897479545e-06, 5.9066487665404566e-06, 6.853172635601368e-06, 7.799696504662279e-06, 8.74622037372319e-06, 9.692744242784102e-06, 1.0639268111845013e-05, 1.1585791980905924e-05, 1.2532314940472133e-05, 1.3478838809533045e-05, 1.4425362678593956e-05, 1.5371886547654867e-05, 1.631841041671578e-05, 1.726493428577669e-05, 1.82114581548376e-05, 1.9157982023898512e-05, 2.0104505892959423e-05, 2.1051029762020335e-05, 2.1997553631081246e-05, 2.2944077500142157e-05]}, "gradients/linear.weight": {"_type": "histogram", "values": [1.0, 0.0, 1.0, 0.0, 0.0, 1.0, 1.0, 0.0, 1.0, 0.0, 0.0, 2.0, 1.0, 1.0, 0.0, 0.0, 0.0, 1.0, 1.0, 1.0, 0.0, 4.0, 3.0, 2.0, 2.0, 3.0, 0.0, 2.0, 3.0, 3.0, 8.0, 7.0, 19.0, 17.0, 1403.0, 62.0, 47.0, 25.0, 14.0, 8.0, 7.0, 4.0, 2.0, 1.0, 1.0, 1.0, 0.0, 1.0, 0.0, 1.0, 0.0, 0.0, 0.0, 0.0, 0.0, 0.0, 0.0, 0.0, 0.0, 0.0, 0.0, 0.0, 1.0, 1.0], "bins": [-6.7983302869834e-05, -6.600318010896444e-05, -6.402305734809488e-05, -6.204293458722532e-05, -6.0062811826355755e-05, -5.808268906548619e-05, -5.610256266663782e-05, -5.412243990576826e-05, -5.21423171448987e-05, -5.0162194384029135e-05, -4.818207162315957e-05, -4.620194886229001e-05, -4.422182246344164e-05, -4.224169970257208e-05, -4.0261576941702515e-05, -3.828145418083295e-05, -3.630133141996339e-05, -3.432120865909383e-05, -3.2341085898224264e-05, -3.0360961318365298e-05, -2.8380838557495736e-05, -2.6400715796626173e-05, -2.4420591216767207e-05, -2.2440468455897644e-05, -2.046034569502808e-05, -1.848022293415852e-05, -1.6500100173288956e-05, -1.451997559342999e-05, -1.2539852832560427e-05, -1.0559730071690865e-05, -8.5796064013266e-06, -6.599482730962336e-06, -4.619367246050388e-06, -2.639244030433474e-06, -6.591208148165606e-07, 1.321002400800353e-06, 3.3011256164172664e-06, 5.281248377286829e-06, 7.2613720476510935e-06, 9.241495718015358e-06, 1.122161847888492e-05, 1.3201741239754483e-05, 1.5181864910118748e-05, 1.7161988580483012e-05, 1.9142111341352575e-05, 2.1122234102222137e-05, 2.3102358682081103e-05, 2.5082481442950666e-05, 2.706260420382023e-05, 2.904272696468979e-05, 3.1022849725559354e-05, 3.3002972486428916e-05, 3.498309524729848e-05, 3.696321800816804e-05, 3.894334440701641e-05, 4.0923467167885974e-05, 4.290358992875554e-05, 4.48837126896251e-05, 4.686383545049466e-05, 4.8843958211364225e-05, 5.0824084610212594e-05, 5.280420737108216e-05, 5.478433013195172e-05, 5.676445289282128e-05, 5.8744575653690845e-05]}, "gradients/bn.weight": {"_type": "histogram", "values": [1.0, 0.0, 0.0, 0.0, 0.0, 0.0, 0.0, 0.0, 0.0, 0.0, 0.0, 0.0, 0.0, 0.0, 0.0, 0.0, 0.0, 0.0, 0.0, 0.0, 0.0, 0.0, 0.0, 0.0, 1.0, 1.0, 0.0, 0.0, 1.0, 1.0, 1.0, 3.0, 0.0, 1.0, 0.0, 1.0, 2.0, 2.0, 1.0, 3.0, 0.0, 1.0, 2.0, 5.0, 3.0, 8.0, 7.0, 72.0, 5.0, 3.0, 0.0, 0.0, 0.0, 0.0, 0.0, 0.0, 0.0, 0.0, 0.0, 0.0, 2.0, 0.0, 0.0, 1.0], "bins": [-4.603456181939691e-05, -4.5062657591188326e-05, -4.409074972500093e-05, -4.3118845496792346e-05, -4.214693763060495e-05, -4.1175033402396366e-05, -4.020312917418778e-05, -3.9231221308000386e-05, -3.82593170797918e-05, -3.728741285158321e-05, -3.631550498539582e-05, -3.534360075718723e-05, -3.4371696528978646e-05, -3.339978866279125e-05, -3.2427884434582666e-05, -3.145597656839527e-05, -3.0484072340186685e-05, -2.9512166292988695e-05, -2.8540260245790705e-05, -2.756835601758212e-05, -2.659644997038413e-05, -2.5624543923186138e-05, -2.4652639694977552e-05, -2.368073364777956e-05, -2.270882760058157e-05, -2.173692155338358e-05, -2.076501550618559e-05, -1.9793111277977005e-05, -1.8821205230779015e-05, -1.7849299183581024e-05, -1.6877394955372438e-05, -1.5905488908174448e-05, -1.493357922299765e-05, -1.396167317579966e-05, -1.2989768038096372e-05, -1.2017862900393084e-05, -1.1045956853195094e-05, -1.0074050805997103e-05, -9.102145668293815e-06, -8.130240530590527e-06, -7.158334483392537e-06, -6.186428890941897e-06, -5.214523298491258e-06, -4.242617706040619e-06, -3.2707121135899797e-06, -2.2988065211393405e-06, -1.3269009286887012e-06, -3.54995336238062e-07, 6.169102562125772e-07, 1.5888158486632165e-06, 2.5607214411138557e-06, 3.532627033564495e-06, 4.504532626015134e-06, 5.476438218465773e-06, 6.448343810916413e-06, 7.420249403367052e-06, 8.392154995817691e-06, 9.364061043015681e-06, 1.033596618071897e-05, 1.1307871318422258e-05, 1.2279777365620248e-05, 1.3251683412818238e-05, 1.4223588550521526e-05, 1.5195493688224815e-05, 1.6167399735422805e-05]}, "gradients/bn.bias": {"_type": "histogram", "values": [1.0, 0.0, 0.0, 1.0, 0.0, 0.0, 1.0, 1.0, 1.0, 1.0, 1.0, 2.0, 0.0, 2.0, 0.0, 1.0, 1.0, 1.0, 1.0, 0.0, 2.0, 1.0, 2.0, 0.0, 4.0, 4.0, 13.0, 3.0, 7.0, 63.0, 4.0, 3.0, 2.0, 1.0, 0.0, 1.0, 0.0, 0.0, 0.0, 0.0, 2.0, 0.0, 0.0, 0.0, 0.0, 0.0, 0.0, 0.0, 0.0, 0.0, 0.0, 0.0, 0.0, 0.0, 0.0, 0.0, 0.0, 0.0, 0.0, 0.0, 0.0, 0.0, 0.0, 1.0],