{"val_loss": 2.388970375061035, "val_acc_step": 0.8003952503204346, "val_acc_epoch": 0.8003952503204346, "epoch": 49, "trainer/global_step": 399, "_runtime": 34, "_timestamp": 1647264992, "_step": 107, "train_acc_epoch": 0.8932806253433228, "train_loss": 0.4318963289260864, "train_acc_step": 0.931034505367279, "gradients/model.8.bias": {"_type": "histogram", "values": [1.0, 1.0, 0.0, 0.0, 0.0, 0.0, 0.0, 0.0, 0.0, 0.0, 0.0, 0.0, 0.0, 1.0, 0.0, 0.0, 1.0, 0.0, 0.0, 1.0, 0.0, 0.0, 0.0, 0.0, 0.0, 0.0, 0.0, 0.0, 1.0, 0.0, 1.0, 1.0, 1.0, 1.0, 0.0, 0.0, 0.0, 1.0, 0.0, 0.0, 0.0, 0.0, 0.0, 0.0, 0.0, 0.0, 1.0, 0.0, 0.0, 0.0, 0.0, 0.0, 0.0, 0.0, 0.0, 0.0, 0.0, 0.0, 0.0, 0.0, 0.0, 0.0, 0.0, 1.0], "bins": [-0.02111039124429226, -0.020338956266641617, -0.019567521288990974, -0.018796086311340332, -0.01802465133368969, -0.017253216356039047, -0.016481781378388405, -0.015710346400737762, -0.01493891142308712, -0.014167476445436478, -0.013396041467785835, -0.012624606490135193, -0.01185317151248455, -0.011081736534833908, -0.010310301557183266, -0.009538866579532623, -0.008767431601881981, -0.007995996624231339, -0.007224561646580696, -0.006453126668930054, -0.005681691691279411, -0.004910256713628769, -0.0041388217359781265, -0.003367386758327484, -0.0025959517806768417, -0.0018245168030261993, -0.001053081825375557, -0.00028164684772491455, 0.0004897881299257278, 0.0012612231075763702, 0.0020326580852270126, 0.002804093062877655, 0.0035755299031734467, 0.004346964880824089, 0.0051183998584747314, 0.005889834836125374, 0.006661269813776016, 0.007432704791426659, 0.008204139769077301, 0.008975574746727943, 0.009747009724378586, 0.010518444702029228, 0.01128987967967987, 0.012061314657330513, 0.012832749634981155, 0.013604184612631798, 0.01437561959028244, 0.015147054567933083, 0.015918489545583725, 0.016689924523234367, 0.01746135950088501, 0.018232794478535652, 0.019004229456186295, 0.019775664433836937, 0.02054709941148758, 0.021318534389138222, 0.022089969366788864, 0.022861404344439507, 0.02363283932209015, 0.02440427429974079, 0.025175709277391434, 0.025947144255042076, 0.02671857923269272, 0.02749001421034336, 0.028261449187994003]}, "gradients/model.8.weight": {"_type": "histogram", "values": [1.0, 0.0, 0.0, 0.0, 0.0, 0.0, 0.0, 0.0, 0.0, 0.0, 0.0, 0.0, 0.0, 1.0, 2.0, 0.0, 0.0, 1.0, 0.0, 0.0, 0.0, 0.0, 1.0, 0.0, 0.0, 0.0, 0.0, 3.0, 1.0, 0.0, 0.0, 0.0, 4.0, 5.0, 11.0, 1584.0, 26.0, 9.0, 1.0, 4.0, 2.0, 1.0, 1.0, 0.0, 0.0, 1.0, 0.0, 0.0, 0.0, 1.0, 0.0, 0.0, 2.0, 1.0, 0.0, 0.0, 0.0, 0.0, 0.0, 0.0, 0.0, 0.0, 0.0, 1.0], "bins": [-0.07927551865577698, -0.07704496383666992, -0.07481440901756287, -0.07258385419845581, -0.07035329937934875, -0.0681227445602417, -0.06589218974113464, -0.06366163492202759, -0.06143108382821083, -0.059200529009103775, -0.05696997418999672, -0.054739419370889664, -0.052508868277072906, -0.05027831345796585, -0.048047758638858795, -0.04581720381975174, -0.043586649000644684, -0.04135609418153763, -0.03912553936243057, -0.03689498454332352, -0.03466442972421646, -0.032433874905109406, -0.03020332381129265, -0.027972768992185593, -0.025742214173078537, -0.02351165935397148, -0.021281104534864426, -0.01905055157840252, -0.016819996759295464, -0.014589441940188408, -0.012358888052403927, -0.010128334164619446, -0.007897771894931793, -0.005667217541486025, -0.0034366631880402565, -0.0012061088345944881, 0.0010244455188512802, 0.003255000337958336, 0.005485554225742817, 0.007716108113527298, 0.009946662932634354, 0.01217721775174141, 0.01440777163952589, 0.01663832552731037, 0.018868880346417427, 0.021099435165524483, 0.02332998812198639, 0.025560542941093445, 0.0277910977602005, 0.030021652579307556, 0.03225220739841461, 0.03448276221752167, 0.03671331703662872, 0.03894387185573578, 0.041174422949552536, 0.04340497776865959, 0.04563553258776665, 0.0478660874068737, 0.05009664222598076, 0.052327197045087814, 0.05455774813890457, 0.05678830295801163, 0.05901885777711868, 0.06124941259622574, 0.0634799674153328]}, "gradients/model.5.weight": {"_type": "histogram", "values": [2.0, 1.0, 0.0, 0.0, 2.0, 0.0, 4.0, 0.0, 2.0, 1.0, 2.0, 17.0, 92.0, 1.0, 0.0, 0.0, 0.0, 0.0, 1.0, 0.0, 0.0, 0.0, 0.0, 1.0, 0.0, 0.0, 0.0, 0.0, 0.0, 0.0, 0.0, 0.0, 0.0, 0.0, 0.0, 0.0, 0.0, 0.0, 0.0, 1.0, 0.0, 0.0, 0.0, 0.0, 0.0, 0.0, 0.0, 0.0, 0.0, 0.0, 0.0, 0.0, 0.0, 0.0, 0.0, 0.0, 0.0, 0.0, 0.0, 0.0, 0.0, 0.0, 0.0, 1.0], "bins": [-0.02514040842652321, -0.023045554757118225, -0.02095070295035839, -0.018855849280953407, -0.016760997474193573, -0.01466614380478859, -0.012571290135383606, -0.010476437397301197, -0.008381584659218788, -0.006286731921136379, -0.004191878717392683, -0.002097025513648987, -2.1727755665779114e-06, 0.002092679962515831, 0.0041875336319208145, 0.006282386370003223, 0.008377239108085632, 0.010472091846168041, 0.01256694458425045, 0.014661798253655434, 0.016756650060415268, 0.01885150372982025, 0.020946357399225235, 0.02304121106863022, 0.025136062875390053, 0.027230916544795036, 0.02932576835155487, 0.031420622020959854, 0.03351547569036484, 0.03561032563447952, 0.037705183029174805, 0.03980003297328949, 0.041894882917404175, 0.04398973658680916, 0.04608459025621414, 0.04817944020032883, 0.05027429386973381, 0.052369147539138794, 0.05446400120854378, 0.05655885487794876, 0.058653704822063446, 0.06074855849146843, 0.06284341216087341, 0.0649382621049881, 0.06703311949968338, 0.06912796944379807, 0.07122282683849335, 0.07331767678260803, 0.07541252672672272, 0.0775073766708374, 0.07960223406553268, 0.08169708400964737, 0.08379194140434265, 0.08588679134845734, 0.08798164129257202, 0.0900764986872673, 0.09217135608196259, 0.09426620602607727, 0.09636106342077255, 0.09845591336488724, 0.10055077075958252, 0.1026456207036972, 0.10474047064781189, 0.10683532804250717, 0.10893017798662186]}, "gradients/model.5.bias": {"_type": "histogram", "values": [1.0, 0.0, 0.0, 0.0, 0.0, 0.0, 0.0, 0.0, 0.0, 0.0, 1.0, 0.0, 0.0, 0.0, 1.0, 1.0, 0.0, 1.0, 0.0, 0.0, 1.0, 3.0, 1.0, 1.0, 4.0, 5.0, 98.0, 0.0, 2.0, 0.0, 0.0, 2.0, 0.0, 0.0, 0.0, 0.0, 0.0, 0.0, 2.0, 0.0, 1.0, 0.0, 0.0, 0.0, 0.0, 0.0, 0.0, 0.0, 1.0, 0.0, 0.0, 0.0, 0.0, 0.0, 0.0, 0.0, 0.0, 0.0, 0.0, 1.0, 0.0, 0.0, 0.0, 1.0], "bins": [-0.05796952545642853, -0.0558030791580677, -0.05363662913441658, -0.051470182836055756, -0.04930373281240463, -0.04713728651404381, -0.04497084021568298, -0.04280439019203186, -0.040637943893671036, -0.03847149759531021, -0.03630504757165909, -0.034138601273298264, -0.03197215497493744, -0.029805704951286316, -0.02763925865292549, -0.025472810491919518, -0.023306362330913544, -0.02113991416990757, -0.018973466008901596, -0.01680701971054077, -0.014640571549534798, -0.012474123388528824, -0.010307676158845425, -0.008141228929162025, -0.005974780768156052, -0.003808333072811365, -0.0016418853774666786, 0.0005245623178780079, 0.0026910100132226944, 0.004857458174228668, 0.007023905403912067, 0.009190352633595467, 0.011356808245182037, 0.013523256406188011, 0.015689704567193985, 0.01785615086555481, 0.020022599026560783, 0.022189047187566757, 0.024355493485927582, 0.026521941646933556, 0.02868838980793953, 0.030854837968945503, 0.03302128612995148, 0.0351877324283123, 0.037354178726673126, 0.03952062875032425, 0.041687075048685074, 0.0438535213470459, 0.04601997137069702, 0.048186417669057846, 0.05035286769270897, 0.052519313991069794, 0.05468576401472092, 0.05685221031308174, 0.059018656611442566, 0.06118510663509369, 0.06335155665874481, 0.06551800668239594, 0.06768444925546646, 0.06985089927911758, 0.07201734930276871, 0.07418379187583923, 0.07635024189949036, 0.07851669192314148, 0.080683134496212]}, "gradients/model.4.bias": {"_type": "histogram", "values": [2.0, 0.0, 0.0, 0.0, 0.0, 0.0, 0.0, 0.0, 0.0, 0.0, 0.0, 0.0, 1.0, 0.0, 0.0, 0.0, 0.0, 1.0, 0.0, 1.0, 0.0, 2.0, 0.0, 0.0, 0.0, 1.0, 2.0, 3.0, 104.0, 3.0, 3.0, 1.0, 2.0, 0.0, 0.0, 0.0, 0.0, 0.0, 0.0, 0.0, 0.0, 0.0, 1.0, 0.0, 0.0, 0.0, 0.0, 0.0, 0.0, 0.0, 0.0, 0.0, 0.0, 0.0, 0.0, 0.0, 0.0, 0.0, 0.0, 0.0, 0.0, 0.0, 0.0, 1.0],