{"val_loss": 0.02649724669754505, "val_acc_step": 0.9901185631752014, "val_acc_epoch": 0.9901185631752014, "epoch": 49, "trainer/global_step": 399, "_runtime": 53, "_timestamp": 1647265097, "_step": 107, "train_acc_epoch": 0.9446640610694885, "train_loss": 0.1387609839439392, "train_acc_step": 0.9655172228813171, "gradients/model.8.bias": {"_type": "histogram", "values": [1.0, 1.0, 0.0, 0.0, 0.0, 0.0, 0.0, 0.0, 1.0, 0.0, 0.0, 0.0, 0.0, 0.0, 0.0, 0.0, 0.0, 0.0, 0.0, 0.0, 0.0, 0.0, 0.0, 0.0, 0.0, 0.0, 0.0, 0.0, 0.0, 0.0, 0.0, 2.0, 2.0, 1.0, 0.0, 1.0, 0.0, 1.0, 1.0, 0.0, 0.0, 0.0, 0.0, 0.0, 0.0, 0.0, 0.0, 1.0, 0.0, 0.0, 0.0, 0.0, 0.0, 0.0, 0.0, 0.0, 0.0, 0.0, 0.0, 0.0, 0.0, 0.0, 0.0, 1.0], "bins": [-0.015646837651729584, -0.015131697058677673, -0.014616555534303188, -0.014101414009928703, -0.013586273416876793, -0.013071132823824883, -0.012555991299450397, -0.012040849775075912, -0.011525709182024002, -0.011010568588972092, -0.010495427064597607, -0.009980285540223122, -0.009465144947171211, -0.0089500043541193, -0.008434862829744816, -0.00791972130537033, -0.00740458071231842, -0.006889439653605223, -0.006374298594892025, -0.005859157536178827, -0.00534401647746563, -0.004828875418752432, -0.004313734360039234, -0.0037985933013260365, -0.0032834522426128387, -0.002768311183899641, -0.0022531701251864433, -0.0017380290664732456, -0.001222888007760048, -0.0007077469490468502, -0.0001926058903336525, 0.0003225351683795452, 0.0008376762270927429, 0.0013528172858059406, 0.0018679583445191383, 0.002383099403232336, 0.0028982404619455338, 0.0034133815206587315, 0.003928522579371929, 0.004443663638085127, 0.004958804696798325, 0.005473945755511522, 0.00598908681422472, 0.006504227872937918, 0.007019368931651115, 0.007534509990364313, 0.00804965104907751, 0.008564792573451996, 0.009079933166503906, 0.009595073759555817, 0.010110215283930302, 0.010625356808304787, 0.011140497401356697, 0.011655637994408607, 0.012170779518783092, 0.012685921043157578, 0.013201061636209488, 0.013716202229261398, 0.014231343753635883, 0.014746485278010368, 0.015261625871062279, 0.01577676646411419, 0.01629190891981125, 0.01680704951286316, 0.01732219010591507]}, "gradients/model.8.weight": {"_type": "histogram", "values": [2.0, 0.0, 1.0, 0.0, 0.0, 0.0, 0.0, 0.0, 0.0, 1.0, 0.0, 0.0, 0.0, 0.0, 0.0, 0.0, 0.0, 0.0, 0.0, 0.0, 0.0, 0.0, 1.0, 0.0, 1.0, 1.0, 0.0, 0.0, 1.0, 0.0, 3.0, 4.0, 1599.0, 32.0, 8.0, 2.0, 1.0, 2.0, 0.0, 0.0, 0.0, 0.0, 0.0, 0.0, 0.0, 1.0, 0.0, 0.0, 0.0, 0.0, 0.0, 0.0, 1.0, 1.0, 0.0, 0.0, 0.0, 0.0, 0.0, 0.0, 1.0, 0.0, 0.0, 1.0], "bins": [-0.040580302476882935, -0.03934592008590698, -0.03811153769493103, -0.03687715530395508, -0.035642772912979126, -0.03440839424729347, -0.03317401185631752, -0.03193962946534157, -0.030705247074365616, -0.029470864683389664, -0.02823648229241371, -0.02700210176408291, -0.025767719373106956, -0.024533336982131004, -0.0232989564538002, -0.02206457406282425, -0.020830191671848297, -0.019595809280872345, -0.018361426889896393, -0.01712704636156559, -0.015892663970589638, -0.014658281579613686, -0.013423900119960308, -0.01218951866030693, -0.010955136269330978, -0.009720753878355026, -0.008486372418701649, -0.007251990493386984, -0.006017608568072319, -0.004783226642757654, -0.0035488447174429893, -0.002314463257789612, -0.0010800845921039581, 0.0001542973332107067, 0.0013886792585253716, 0.0026230611838400364, 0.0038574431091547012, 0.005091825034469366, 0.006326206959784031, 0.0075605884194374084, 0.00879497081041336, 0.010029353201389313, 0.01126373466104269, 0.012498116120696068, 0.01373249851167202, 0.014966880902647972, 0.016201261430978775, 0.017435643821954727, 0.01867002621293068, 0.01990440860390663, 0.021138790994882584, 0.022373171523213387, 0.02360755391418934, 0.02484193630516529, 0.026076316833496094, 0.027310699224472046, 0.028545081615447998, 0.02977946400642395, 0.031013846397399902, 0.032248228788375854, 0.03348261117935181, 0.03471698984503746, 0.03595137223601341, 0.037185754626989365, 0.03842013701796532]}, "gradients/model.5.weight": {"_type": "histogram", "values": [1.0, 0.0, 0.0, 0.0, 0.0, 0.0, 0.0, 0.0, 0.0, 0.0, 0.0, 0.0, 0.0, 0.0, 0.0, 0.0, 0.0, 0.0, 0.0, 1.0, 0.0, 0.0, 0.0, 0.0, 0.0, 1.0, 0.0, 1.0, 1.0, 0.0, 0.0, 0.0, 0.0, 0.0, 0.0, 0.0, 0.0, 0.0, 0.0, 1.0, 1.0, 1.0, 4.0, 110.0, 0.0, 1.0, 1.0, 1.0, 0.0, 0.0, 1.0, 0.0, 0.0, 0.0, 0.0, 0.0, 1.0, 0.0, 0.0, 0.0, 0.0, 0.0, 0.0, 1.0], "bins": [-0.03314630687236786, -0.03237789124250412, -0.03160947561264038, -0.030841059982776642, -0.030072646215558052, -0.029304230585694313, -0.028535814955830574, -0.027767399325966835, -0.026998985558748245, -0.026230569928884506, -0.025462154299020767, -0.024693738669157028, -0.02392532490193844, -0.0231569092720747, -0.02238849364221096, -0.02162007801234722, -0.020851662382483482, -0.020083246752619743, -0.019314831122756004, -0.018546417355537415, -0.017778001725673676, -0.017009586095809937, -0.016241170465946198, -0.015472754836082458, -0.014704340137541294, -0.013935924507677555, -0.01316750980913639, -0.012399094179272652, -0.011630678549408913, -0.010862263850867748, -0.01009384822100401, -0.009325433522462845, -0.008557016029953957, -0.007788600865751505, -0.007020185701549053, -0.006251770071685314, -0.0054833549074828625, -0.004714939743280411, -0.003946524113416672, -0.00317810894921422, -0.0024096937850117683, -0.0016412785043939948, -0.0008728632237762213, -0.00010444782674312592, 0.0006639673374593258, 0.0014323825016617775, 0.0022007981315255165, 0.002969213295727968, 0.00373762845993042, 0.004506043624132872, 0.005274458788335323, 0.006042874418199062, 0.006811289582401514, 0.007579704746603966, 0.008348120376467705, 0.009116536006331444, 0.009884950704872608, 0.010653366334736347, 0.011421781033277512, 0.01219019666314125, 0.01295861229300499, 0.013727026991546154, 0.014495442621409893, 0.015263857319951057, 0.016032272949814796]}, "gradients/model.5.bias": {"_type": "histogram", "values": [1.0, 0.0, 0.0, 1.0, 0.0, 1.0, 0.0, 0.0, 0.0, 0.0, 0.0, 0.0, 0.0, 0.0, 0.0, 0.0, 2.0, 0.0, 0.0, 1.0, 0.0, 0.0, 0.0, 0.0, 0.0, 0.0, 0.0, 2.0, 1.0, 3.0, 112.0, 1.0, 0.0, 0.0, 0.0, 0.0, 0.0, 0.0, 0.0, 2.0, 0.0, 0.0, 0.0, 0.0, 0.0, 0.0, 0.0, 0.0, 0.0, 0.0, 0.0, 0.0, 0.0, 0.0, 0.0, 0.0, 0.0, 0.0, 0.0, 0.0, 0.0, 0.0, 0.0, 1.0], "bins": [-0.06177522987127304, -0.059765759855508804, -0.05775628983974457, -0.05574681982398033, -0.053737349808216095, -0.05172787606716156, -0.049718406051397324, -0.04770893603563309, -0.04569946601986885, -0.043689996004104614, -0.04168052598834038, -0.03967105597257614, -0.037661582231521606, -0.03565211594104767, -0.033642642199993134, -0.0316331721842289, -0.02962370216846466, -0.027614232152700424, -0.025604762136936188, -0.023595290258526802, -0.021585820242762566, -0.01957635022699833, -0.017566878348588943, -0.015557408332824707, -0.01354793831706047, -0.011538468301296234, -0.009528997354209423, -0.007519526872783899, -0.0055100563913583755, -0.003500586375594139, -0.001491115428507328, 0.000518355518579483, 0.0025278255343437195, 0.004537296015769243, 0.006546766497194767, 0.008556237444281578, 0.010565707460045815, 0.012575177475810051, 0.014584648422896862, 0.016594119369983673, 0.01860358938574791, 0.020613059401512146, 0.022622529417276382, 0.024632001295685768, 0.026641471311450005, 0.02865094132721424, 0.030660413205623627, 0.03266988322138786, 0.0346793532371521, 0.036688823252916336, 0.03869829326868057, 0.04070776328444481, 0.042717233300209045, 0.04472670704126358, 0.04673617705702782, 0.04874564707279205, 0.05075511708855629, 0.052764587104320526, 0.05477405712008476, 0.056783527135849, 0.058793000876903534, 0.06080246716737747, 0.062811940908432, 0.06482140719890594, 0.06683088093996048]}, "gradients/model.4.bias": {"_type": "histogram",