{"val_loss": 0.00040055374847725034, "val_acc_step": 1.0, "val_acc_epoch": 1.0, "epoch": 14, "trainer/global_step": 60, "_runtime": 10, "_timestamp": 1644938184, "_step": 31, "train_acc_epoch": 1.0, "train_loss": 0.0007100703660398722, "train_acc_step": 1.0, "graph_0": {"_type": "graph-file", "path": "media/graph/graph_0_summary_38c90a6986a2ac4a52c9.graph.json", "sha256": "38c90a6986a2ac4a52c93fcc604f789917cd15826599189bb46a70f57bcd3f0f", "size": 1272}, "test_acc_step": 1.0, "test_acc_epoch": 1.0, "_wandb": {"runtime": 12}}