{"val_loss": 2.7035639504902065e-05, "val_acc_step": 1.0, "val_acc_epoch": 1.0, "epoch": 49, "trainer/global_step": 200, "_runtime": 15, "_timestamp": 1644934024, "_step": 104, "train_acc_epoch": 1.0, "train_loss": 8.892828191164881e-05, "train_acc_step": 1.0, "gradients/linear.bias": {"_type": "histogram", "values": [1.0, 0.0, 1.0, 0.0, 0.0, 0.0, 0.0, 0.0, 0.0, 0.0, 0.0, 0.0, 0.0, 0.0, 0.0, 0.0, 0.0, 0.0, 0.0, 0.0, 1.0, 0.0, 0.0, 0.0, 0.0, 0.0, 0.0, 0.0, 1.0, 0.0, 0.0, 0.0, 0.0, 0.0, 0.0, 0.0, 0.0, 0.0, 0.0, 0.0, 0.0, 0.0, 0.0, 0.0, 0.0, 0.0, 0.0, 0.0, 0.0, 0.0, 0.0, 0.0, 0.0, 0.0, 0.0, 0.0, 0.0, 0.0, 0.0, 0.0, 0.0, 0.0, 0.0, 1.0], "bins": [-3.725674105226062e-05, -3.5634133382700384e-05, -3.4011525713140145e-05, -3.2388918043579906e-05, -3.076631037401967e-05, -2.914370270445943e-05, -2.752109503489919e-05, -2.589848736533895e-05, -2.4275879695778713e-05, -2.2653272026218474e-05, -2.1030664356658235e-05, -1.9408056687097996e-05, -1.7785449017537758e-05, -1.616284134797752e-05, -1.454023367841728e-05, -1.2917626008857042e-05, -1.1295018339296803e-05, -9.672410669736564e-06, -8.049803000176325e-06, -6.427195330616087e-06, -4.804587661055848e-06, -3.1819799914956093e-06, -1.5593723219353706e-06, 6.323534762486815e-08, 1.6858430171851069e-06, 3.3084506867453456e-06, 4.931058356305584e-06, 6.553666025865823e-06, 8.176273695426062e-06, 9.7988813649863e-06, 1.142148903454654e-05, 1.3044096704106778e-05, 1.4666708011645824e-05, 1.6289315681206062e-05, 1.79119233507663e-05, 1.953453102032654e-05, 2.115713868988678e-05, 2.2779746359447017e-05, 2.4402354029007256e-05, 2.6024961698567495e-05, 2.7647569368127733e-05, 2.9270177037687972e-05, 3.089278470724821e-05, 3.251539237680845e-05, 3.413800004636869e-05, 3.576060771592893e-05, 3.7383215385489166e-05, 3.9005823055049405e-05, 4.062843072460964e-05, 4.225103839416988e-05, 4.387364606373012e-05, 4.549625373329036e-05, 4.71188614028506e-05, 4.874146907241084e-05, 5.0364076741971076e-05, 5.1986684411531314e-05, 5.360929208109155e-05, 5.523189975065179e-05, 5.685450742021203e-05, 5.847711508977227e-05, 6.009972275933251e-05, 6.172232679091394e-05, 6.334493809845299e-05, 6.496754940599203e-05, 6.659015343757346e-05]}, "gradients/linear.weight": {"_type": "histogram", "values": [1.0, 0.0, 0.0, 0.0, 0.0, 0.0, 0.0, 0.0, 1.0, 0.0, 0.0, 0.0, 1.0, 1.0, 0.0, 0.0, 0.0, 0.0, 0.0, 0.0, 0.0, 1.0, 1.0, 0.0, 3.0, 2.0, 0.0, 2.0, 2.0, 3.0, 2.0, 1.0, 11.0, 16.0, 16.0, 3.0, 1.0, 3.0, 1.0, 1.0, 0.0, 2.0, 0.0, 0.0, 1.0, 0.0, 0.0, 0.0, 0.0, 0.0, 0.0, 0.0, 2.0, 0.0, 0.0, 0.0, 0.0, 0.0, 0.0, 0.0, 1.0, 0.0, 0.0, 1.0], "bins": [-0.00020188717462588102, -0.00019574664474930614, -0.00018960611487273127, -0.0001834655849961564, -0.00017732505511958152, -0.00017118452524300665, -0.00016504398081451654, -0.00015890345093794167, -0.0001527629210613668, -0.00014662239118479192, -0.00014048186130821705, -0.00013434133143164217, -0.0001282008015550673, -0.00012206027167849243, -0.00011591973452595994, -0.00010977920464938506, -0.0001036386820487678, -9.749815217219293e-05, -9.135762229561806e-05, -8.521709241904318e-05, -7.907656254246831e-05, -7.293603266589344e-05, -6.679549551336095e-05, -6.0654965636786073e-05, -5.45144357602112e-05, -4.8373905883636326e-05, -4.223337600706145e-05, -3.609284249250777e-05, -2.9952312615932897e-05, -2.3811782739358023e-05, -1.7671249224804342e-05, -1.1530719348229468e-05, -5.390204023569822e-06, 7.503267624997534e-07, 6.890857548569329e-06, 1.3031389244133607e-05, 1.917191912070848e-05, 2.5312448997283354e-05, 3.1452982511837035e-05, 3.759351238841191e-05, 4.373404226498678e-05, 4.987457214156166e-05, 5.601510201813653e-05, 6.215563917066902e-05, 6.829616904724389e-05, 7.443669892381877e-05, 8.057722880039364e-05, 8.671775867696851e-05, 9.285828855354339e-05, 9.899881843011826e-05, 0.00010513934830669314, 0.00011127987818326801, 0.00011742040805984288, 0.00012356093793641776, 0.00012970148236490786, 0.00013584201224148273, 0.0001419825421180576, 0.00014812307199463248, 0.00015426360187120736, 0.00016040413174778223, 0.0001665446616243571, 0.00017268519150093198, 0.00017882572137750685, 0.00018496625125408173, 0.0001911067811306566]}, "gradients/bn.weight": {"_type": "histogram", "values": [1.0, 0.0, 0.0, 0.0, 0.0, 0.0, 0.0, 0.0, 0.0, 0.0, 0.0, 0.0, 1.0, 0.0, 0.0, 0.0, 0.0, 0.0, 0.0, 0.0, 0.0, 0.0, 0.0, 0.0, 0.0, 0.0, 0.0, 0.0, 0.0, 0.0, 0.0, 0.0, 0.0, 0.0, 0.0, 0.0, 0.0, 3.0, 2.0, 0.0, 0.0, 3.0, 0.0, 2.0, 0.0, 1.0, 1.0, 0.0, 1.0, 0.0, 0.0, 0.0, 0.0, 0.0, 0.0, 0.0, 0.0, 0.0, 0.0, 0.0, 0.0, 0.0, 0.0, 1.0], "bins": [-0.00012380091357044876, -0.00012113388220313936, -0.00011846685083582997, -0.00011579981946852058, -0.00011313278810121119, -0.0001104657567339018, -0.00010779872536659241, -0.00010513169399928302, -0.00010246466263197362, -9.979763126466423e-05, -9.713059989735484e-05, -9.446356853004545e-05, -9.179653716273606e-05, -8.912950579542667e-05, -8.646247442811728e-05, -8.379544306080788e-05, -8.112841169349849e-05, -7.84613803261891e-05, -7.579434895887971e-05, -7.312731759157032e-05, -7.046028622426093e-05, -6.779325485695153e-05, -6.512622348964214e-05, -6.245919212233275e-05, -5.9792153479065746e-05, -5.7125122111756355e-05, -5.445809074444696e-05, -5.179105937713757e-05, -4.912402800982818e-05, -4.645699664251879e-05, -4.37899652752094e-05, -4.1122933907900006e-05, -3.845590617856942e-05, -3.578887481126003e-05, -3.312184344395064e-05, -3.0454812076641247e-05, -2.7787780709331855e-05, -2.5120749342022464e-05, -2.245371615572367e-05, -1.9786684788414277e-05, -1.7119653421104886e-05, -1.4452622053795494e-05, -1.1785590686486103e-05, -9.11855840968201e-06, -6.451527042372618e-06, -3.7844956750632264e-06, -1.117463398259133e-06, 1.5495679690502584e-06, 4.21659933635965e-06, 6.883630703669041e-06, 9.550662070978433e-06, 1.2217694347782526e-05, 1.4884725715091918e-05, 1.7551756172906607e-05, 2.0218789359205402e-05, 2.2885820726514794e-05, 2.5552852093824185e-05, 2.8219883461133577e-05, 3.088691664743237e-05, 3.3553948014741763e-05, 3.6220979382051155e-05, 3.8888010749360546e-05, 4.155504211666994e-05, 4.422207348397933e-05, 4.688910485128872e-05]}, "gradients/bn.bias": {"_type": "histogram", "values": [1.0, 0.0, 0.0, 0.0, 1.0, 0.0, 0.0, 0.0, 0.0, 0.0, 0.0, 0.0, 0.0, 0.0, 1.0, 0.0, 1.0, 0.0, 0.0, 0.0, 1.0, 1.0, 0.0, 1.0, 1.0, 1.0, 0.0, 0.0, 0.0, 0.0, 0.0, 0.0, 0.0, 1.0, 0.0, 0.0, 0.0, 0.0, 1.0, 0.0, 1.0, 1.0, 1.0, 0.0, 0.0, 0.0, 0.0, 0.0, 0.0, 1.0, 0.0, 0.0, 0.0, 0.0, 0.0, 0.0, 0.0, 0.0, 0.0, 0.0, 0.0, 0.0, 0.0, 1.0],