{"val_loss": 5.848183718626387e-06, "val_acc_step": 1.0, "val_acc_epoch": 1.0, "epoch": 49, "trainer/global_step": 399, "_runtime": 17, "_timestamp": 1647264684, "_step": 107, "train_acc_epoch": 1.0, "train_loss": 9.435593710804824e-06, "train_acc_step": 1.0, "gradients/linear.bias": {"_type": "histogram", "values": [1.0, 0.0, 0.0, 0.0, 0.0, 0.0, 0.0, 0.0, 0.0, 0.0, 0.0, 0.0, 0.0, 0.0, 0.0, 0.0, 1.0, 0.0, 0.0, 0.0, 0.0, 0.0, 0.0, 0.0, 0.0, 0.0, 0.0, 1.0, 0.0, 0.0, 0.0, 0.0, 0.0, 0.0, 0.0, 0.0, 0.0, 0.0, 0.0, 1.0, 2.0, 1.0, 0.0, 1.0, 1.0, 0.0, 1.0, 0.0, 0.0, 1.0, 0.0, 0.0, 0.0, 1.0, 0.0, 0.0, 0.0, 0.0, 0.0, 0.0, 0.0, 0.0, 0.0, 1.0], "bins": [-3.4532620247773593e-06, -3.364821395734907e-06, -3.2763809940661304e-06, -3.187940365023678e-06, -3.099499735981226e-06, -3.011059334312449e-06, -2.922618705269997e-06, -2.8341783036012203e-06, -2.745737674558768e-06, -2.657297045516316e-06, -2.568856643847539e-06, -2.480416014805087e-06, -2.3919753857626347e-06, -2.303534984093858e-06, -2.2150943550514057e-06, -2.1266537260089535e-06, -2.0382130969665013e-06, -1.949772467924049e-06, -1.8613319525684346e-06, -1.7728914372128202e-06, -1.6844509218572057e-06, -1.5960104065015912e-06, -1.507569777459139e-06, -1.4191292621035245e-06, -1.33068874674791e-06, -1.2422482313922956e-06, -1.1538076023498434e-06, -1.0653670869942289e-06, -9.769265716386144e-07, -8.884859994395811e-07, -8.000454272405477e-07, -7.116049118849332e-07, -6.231643965293188e-07, -5.347238243302854e-07, -4.4628330897467094e-07, -3.578427367756376e-07, -2.694021929983137e-07, -1.8096164922098978e-07, -9.252107702195644e-08, -4.080561666341964e-09, 8.436001053269138e-08, 1.7280055431001529e-07, 2.612410980873392e-07, 3.4968167028637254e-07, 4.3812221406369645e-07, 5.265627578410204e-07, 6.150033300400537e-07, 7.034438453956682e-07, 7.918844175947015e-07, 8.803249897937349e-07, 9.687655619927682e-07, 1.0572060773483827e-06, 1.1456465927039972e-06, 1.2340872217464494e-06, 1.3225277371020638e-06, 1.4109682524576783e-06, 1.4994088815001305e-06, 1.587849396855745e-06, 1.6762900258981972e-06, 1.7647305412538117e-06, 1.8531710566094262e-06, 1.9416115719650406e-06, 2.030052201007493e-06, 2.118492830049945e-06, 2.206933231718722e-06]}, "gradients/linear.weight": {"_type": "histogram", "values": [1.0, 0.0, 0.0, 0.0, 0.0, 0.0, 0.0, 0.0, 1.0, 0.0, 0.0, 0.0, 0.0, 0.0, 0.0, 0.0, 0.0, 0.0, 0.0, 0.0, 0.0, 0.0, 0.0, 1.0, 1.0, 0.0, 1.0, 0.0, 2.0, 0.0, 0.0, 0.0, 0.0, 1.0, 1.0, 1.0, 1.0, 1.0, 3.0, 2.0, 1.0, 2.0, 1.0, 3.0, 3.0, 5.0, 5.0, 12.0, 24.0, 35.0, 1204.0, 207.0, 60.0, 40.0, 16.0, 8.0, 7.0, 4.0, 1.0, 3.0, 1.0, 2.0, 1.0, 2.0], "bins": [-1.3707889593206346e-05, -1.3437738743959926e-05, -1.3167587894713506e-05, -1.2897437954961788e-05, -1.2627287105715368e-05, -1.2357136256468948e-05, -1.208698631671723e-05, -1.181683546747081e-05, -1.154668461822439e-05, -1.127653376897797e-05, -1.100638291973155e-05, -1.0736232979979832e-05, -1.0466082130733412e-05, -1.0195931281486992e-05, -9.925781341735274e-06, -9.655630492488854e-06, -9.385479643242434e-06, -9.115328793996014e-06, -8.845177944749594e-06, -8.575028004997876e-06, -8.304877155751456e-06, -8.034726306505036e-06, -7.764576366753317e-06, -7.4944255175068974e-06, -7.2242746682604775e-06, -6.9541238190140575e-06, -6.6839734245149884e-06, -6.413823030015919e-06, -6.143672180769499e-06, -5.8735213315230794e-06, -5.60337093702401e-06, -5.333220542524941e-06, -5.06306923853117e-06, -4.792918844032101e-06, -4.522767994785681e-06, -4.252617145539261e-06, -3.982466751040192e-06, -3.712316129167448e-06, -3.4421655072947033e-06, -3.1720148854219588e-06, -2.9018642635492142e-06, -2.6317136416764697e-06, -2.361563019803725e-06, -2.0914123979309807e-06, -1.8212617760582361e-06, -1.5511111541854916e-06, -1.280960532312747e-06, -1.0108099104400026e-06, -7.40659288567258e-07, -4.705086666945135e-07, -2.00358044821769e-07, 6.979257705097552e-08, 3.3994319892372005e-07, 6.100938207964646e-07, 8.802444426692091e-07, 1.1503950645419536e-06, 1.4205456864146981e-06, 1.6906963082874427e-06, 1.960846930160187e-06, 2.2309975520329317e-06, 2.5011481739056762e-06, 2.7712987957784208e-06, 3.0414494176511653e-06, 3.31160003952391e-06, 3.5817506613966543e-06]}, "gradients/bn.weight": {"_type": "histogram", "values": [1.0, 0.0, 0.0, 0.0, 0.0, 0.0, 0.0, 0.0, 0.0, 0.0, 0.0, 0.0, 0.0, 0.0, 0.0, 0.0, 0.0, 0.0, 0.0, 0.0, 0.0, 0.0, 0.0, 0.0, 0.0, 1.0, 0.0, 0.0, 0.0, 0.0, 0.0, 0.0, 0.0, 0.0, 0.0, 0.0, 0.0, 0.0, 0.0, 0.0, 1.0, 0.0, 1.0, 1.0, 0.0, 1.0, 0.0, 0.0, 1.0, 0.0, 0.0, 2.0, 1.0, 3.0, 2.0, 6.0, 4.0, 6.0, 19.0, 45.0, 31.0, 0.0, 1.0, 1.0], "bins": [-1.3100766409479547e-05, -1.2883688214060385e-05, -1.2666610018641222e-05, -1.2449532732716762e-05, -1.2232454537297599e-05, -1.2015376341878437e-05, -1.1798298146459274e-05, -1.1581219951040111e-05, -1.1364141755620949e-05, -1.1147063560201786e-05, -1.0929985364782624e-05, -1.0712907169363461e-05, -1.0495829883439e-05, -1.0278751688019838e-05, -1.0061673492600676e-05, -9.844595297181513e-06, -9.627518011257052e-06, -9.41043981583789e-06, -9.193361620418727e-06, -8.976283424999565e-06, -8.759206139075104e-06, -8.542127943655942e-06, -8.325049748236779e-06, -8.107971552817617e-06, -7.890893357398454e-06, -7.673815161979292e-06, -7.45673742130748e-06, -7.2396592258883175e-06, -7.022581030469155e-06, -6.805503289797343e-06, -6.588425094378181e-06, -6.371346898959018e-06, -6.154268703539856e-06, -5.937190508120693e-06, -5.720112767448882e-06, -5.503034572029719e-06, -5.285956376610557e-06, -5.068878635938745e-06, -4.8518004405195825e-06, -4.63472224510042e-06, -4.417644504428608e-06, -4.200566309009446e-06, -3.983488568337634e-06, -3.7664103729184717e-06, -3.5493324048729846e-06, -3.3322544368274976e-06, -3.115176241408335e-06, -2.898098273362848e-06, -2.681020305317361e-06, -2.463942337271874e-06, -2.2468641418527113e-06, -2.0297861738072243e-06, -1.8127082057617372e-06, -1.5956301240294124e-06, -1.3785520422970876e-06, -1.1614740742516005e-06, -9.443959356758569e-07, -7.27317910786951e-07, -5.102398290546262e-07, -2.9316180416572024e-07, -7.608377927681431e-08, 1.4099424561209162e-07, 3.580723273444164e-07, 5.751502953899035e-07, 7.922283771222283e-07]}, "gradients/bn.bias": {"_type": "histogram", "values": [1.0, 0.0, 0.0, 0.0, 0.0, 0.0, 0.0, 0.0, 0.0, 0.0, 0.0, 1.0, 0.0, 1.0, 0.0, 0.0, 0.0, 0.0, 0.0, 0.0, 0.0, 0.0, 0.0, 0.0, 0.0, 1.0, 0.0, 0.0, 0.0, 0.0, 2.0, 1.0, 1.0, 1.0, 0.0, 0.0, 0.0, 3.0, 0.0, 0.0, 1.0, 2.0, 1.0, 0.0, 2.0, 0.0, 1.0, 5.0, 3.0, 7.0, 7.0, 2.0, 9.0, 8.0, 17.0, 25.0, 18.0, 3.0, 1.0, 1.0, 0.0, 1.0, 1.0, 1.0],