{"val_loss": 0.02011105604469776, "val_acc_step": 0.9960474371910095, "val_acc_epoch": 0.9960474371910095, "epoch": 49, "trainer/global_step": 399, "_runtime": 84, "_timestamp": 1647265296, "_step": 107, "train_acc_epoch": 0.9189723134040833, "train_loss": 0.619193971157074, "train_acc_step": 0.8965517282485962, "gradients/model.8.bias": {"_type": "histogram", "values": [1.0, 0.0, 1.0, 0.0, 0.0, 0.0, 0.0, 0.0, 0.0, 0.0, 0.0, 0.0, 1.0, 0.0, 0.0, 1.0, 0.0, 0.0, 0.0, 0.0, 0.0, 0.0, 0.0, 0.0, 0.0, 5.0, 1.0, 1.0, 0.0, 0.0, 0.0, 0.0, 0.0, 0.0, 0.0, 0.0, 0.0, 0.0, 0.0, 0.0, 0.0, 0.0, 0.0, 0.0, 0.0, 0.0, 0.0, 0.0, 0.0, 0.0, 1.0, 0.0, 0.0, 0.0, 0.0, 0.0, 0.0, 0.0, 0.0, 0.0, 0.0, 0.0, 0.0, 1.0], "bins": [-0.034058719873428345, -0.03269970417022705, -0.03134068846702576, -0.02998167648911476, -0.028622660785913467, -0.027263645082712173, -0.02590463124215603, -0.024545617401599884, -0.02318660169839859, -0.021827585995197296, -0.02046857215464115, -0.019109558314085007, -0.017750542610883713, -0.01639152690768242, -0.015032513067126274, -0.013673498295247555, -0.012314483523368835, -0.010955468751490116, -0.009596453979611397, -0.008237439207732677, -0.006878424435853958, -0.005519409663975239, -0.0041603948920965195, -0.0028013801202178, -0.0014423653483390808, -8.335057646036148e-05, 0.0012756641954183578, 0.002634678967297077, 0.0039936937391757965, 0.005352708511054516, 0.006711723282933235, 0.008070738054811954, 0.009429752826690674, 0.010788767598569393, 0.012147782370448112, 0.013506797142326832, 0.014865811914205551, 0.016224827617406845, 0.01758384145796299, 0.018942855298519135, 0.02030187100172043, 0.021660886704921722, 0.023019900545477867, 0.024378914386034012, 0.025737930089235306, 0.0270969457924366, 0.028455959632992744, 0.02981497347354889, 0.031173989176750183, 0.03253300487995148, 0.03389202058315277, 0.035251032561063766, 0.03661004826426506, 0.037969063967466354, 0.03932807594537735, 0.040687091648578644, 0.04204610735177994, 0.04340512305498123, 0.044764138758182526, 0.04612315073609352, 0.047482166439294815, 0.04884118214249611, 0.050200194120407104, 0.0515592098236084, 0.05291822552680969]}, "gradients/model.8.weight": {"_type": "histogram", "values": [1.0, 0.0, 0.0, 1.0, 0.0, 0.0, 0.0, 0.0, 1.0, 0.0, 0.0, 0.0, 1.0, 0.0, 0.0, 1.0, 0.0, 2.0, 0.0, 1.0, 0.0, 0.0, 3.0, 3.0, 4.0, 1.0, 0.0, 7.0, 7.0, 21.0, 1574.0, 7.0, 7.0, 1.0, 1.0, 6.0, 2.0, 4.0, 0.0, 0.0, 2.0, 0.0, 2.0, 1.0, 1.0, 0.0, 0.0, 0.0, 0.0, 0.0, 0.0, 1.0, 0.0, 0.0, 0.0, 0.0, 0.0, 0.0, 0.0, 0.0, 0.0, 0.0, 0.0, 1.0], "bins": [-0.18460237979888916, -0.17845036089420319, -0.1722983568906784, -0.16614633798599243, -0.15999431908130646, -0.15384230017662048, -0.1476902961730957, -0.14153827726840973, -0.13538625836372375, -0.12923423945903778, -0.1230822280049324, -0.11693021655082703, -0.11077819764614105, -0.10462618619203568, -0.0984741747379303, -0.09232215583324432, -0.08617014437913895, -0.08001813292503357, -0.0738661140203476, -0.06771410256624222, -0.061562083661556244, -0.05541007220745087, -0.04925805702805519, -0.043106041848659515, -0.03695402666926384, -0.030802011489868164, -0.02464999631047249, -0.018497982993721962, -0.012345967814326286, -0.006193952634930611, -4.193931818008423e-05, 0.006110075861215591, 0.012262091040611267, 0.018414106220006943, 0.02456612139940262, 0.030718134716153145, 0.03687015175819397, 0.04302216321229935, 0.04917417839169502, 0.0553261935710907, 0.061478208750486374, 0.06763022392988205, 0.07378223538398743, 0.0799342542886734, 0.08608626574277878, 0.09223828464746475, 0.09839029610157013, 0.1045423150062561, 0.11069432646036148, 0.11684633791446686, 0.12299835681915283, 0.1291503757238388, 0.1353023797273636, 0.14145439863204956, 0.14760641753673553, 0.1537584364414215, 0.1599104404449463, 0.16606245934963226, 0.17221446335315704, 0.17836648225784302, 0.184518501162529, 0.19067052006721497, 0.19682252407073975, 0.20297454297542572, 0.2091265618801117]}, "gradients/model.5.weight": {"_type": "histogram", "values": [1.0, 0.0, 0.0, 0.0, 0.0, 0.0, 0.0, 0.0, 0.0, 0.0, 0.0, 1.0, 0.0, 2.0, 0.0, 0.0, 1.0, 0.0, 1.0, 1.0, 1.0, 1.0, 0.0, 1.0, 2.0, 4.0, 3.0, 95.0, 3.0, 1.0, 0.0, 1.0, 0.0, 0.0, 0.0, 1.0, 0.0, 1.0, 1.0, 0.0, 0.0, 0.0, 1.0, 0.0, 0.0, 0.0, 1.0, 0.0, 1.0, 0.0, 1.0, 0.0, 0.0, 0.0, 0.0, 0.0, 0.0, 1.0, 0.0, 0.0, 0.0, 0.0, 0.0, 1.0], "bins": [-0.17966784536838531, -0.17321421205997467, -0.16676059365272522, -0.16030696034431458, -0.15385334193706512, -0.14739970862865448, -0.14094609022140503, -0.13449245691299438, -0.12803882360458374, -0.12158519774675369, -0.11513157188892365, -0.108677938580513, -0.10222432017326355, -0.0957706868648529, -0.08931706100702286, -0.08286343514919281, -0.07640981674194336, -0.06995619088411331, -0.06350256502628326, -0.05704893544316292, -0.05059530958533287, -0.04414168372750282, -0.03768805414438248, -0.03123442828655243, -0.02478080242872238, -0.018327176570892334, -0.011873548850417137, -0.00541992112994194, 0.0010337047278881073, 0.007487330585718155, 0.013940960168838501, 0.02039458602666855, 0.02684822678565979, 0.03330185264348984, 0.039755478501319885, 0.04620910808444023, 0.05266273394227028, 0.05911635980010033, 0.06556998938322067, 0.07202361524105072, 0.07847724109888077, 0.08493086695671082, 0.09138449281454086, 0.09783811867237091, 0.10429175198078156, 0.110745370388031, 0.11719900369644165, 0.1236526295542717, 0.13010625541210175, 0.1365598887205124, 0.14301350712776184, 0.14946714043617249, 0.15592075884342194, 0.16237439215183258, 0.16882801055908203, 0.17528164386749268, 0.18173527717590332, 0.18818891048431396, 0.19464252889156342, 0.20109616219997406, 0.2075497806072235, 0.21400341391563416, 0.2204570472240448, 0.22691066563129425, 0.2333642840385437]}, "gradients/model.5.bias": {"_type": "histogram", "values": [1.0, 0.0, 0.0, 1.0, 0.0, 0.0, 0.0, 0.0, 0.0, 0.0, 0.0, 0.0, 0.0, 1.0, 0.0, 0.0, 1.0, 3.0, 1.0, 0.0, 1.0, 2.0, 2.0, 1.0, 1.0, 4.0, 1.0, 0.0, 0.0, 95.0, 1.0, 1.0, 1.0, 0.0, 0.0, 1.0, 1.0, 0.0, 1.0, 0.0, 0.0, 1.0, 2.0, 0.0, 0.0, 0.0, 2.0, 0.0, 0.0, 0.0, 1.0, 0.0, 0.0, 0.0, 0.0, 0.0, 0.0, 0.0, 0.0, 0.0, 0.0, 0.0, 0.0, 1.0], "bins": [-0.20239152014255524, -0.1955999732017517, -0.18880844116210938, -0.18201689422130585, -0.17522534728050232, -0.16843381524085999, -0.16164226830005646, -0.15485072135925293, -0.1480591893196106, -0.14126764237880707, -0.13447611033916473, -0.1276845633983612, -0.12089302390813828, -0.11410148441791534, -0.10730993747711182, -0.10051839798688889, -0.09372685849666595, -0.08693531900644302, -0.08014377951622009, -0.07335223257541656, -0.06656069308519363, -0.0597691535949707, -0.052977610379457474, -0.046186067163944244, -0.039394527673721313, -0.03260298818349838, -0.025811444967985153, -0.019019903615117073, -0.012228362262248993, -0.005436822772026062, 0.0013547204434871674, 0.008146263659000397, 0.014937788248062134, 0.021729329600930214, 0.028520870953798294, 0.03531241416931152, 0.042103953659534454, 0.048895493149757385, 0.055687036365270615, 0.062478579580783844, 0.06927011907100677, 0.0760616585612297, 0.08285319805145264, 0.08964474499225616, 0.0964362844824791, 0.10322782397270203, 0.11001937091350555, 0.11681091040372849, 0.12360244989395142, 0.13039399683475494, 0.13718552887439728, 0.1439770758152008, 0.15076860785484314, 0.15756015479564667, 0.1643517017364502, 0.17114323377609253, 0.17793478071689606, 0.18472632765769958, 0.19151785969734192, 0.19830940663814545, 0.20510095357894897, 0.2118924856185913, 0.21868403255939484, 0.22547557950019836, 0.2322671115398407]}, "gradients/model.4.bias": {"_type": "histogram", "values": [1.0, 0.0, 0.0, 0.0, 0.0, 0.0, 0.0, 0.0, 0.0, 0.0, 0.0, 0.0, 0.0, 0.0, 0.0, 1.0, 0.0, 0.0, 0.0, 0.0, 0.0, 0.0, 0.0, 0.0, 0.0, 0.0, 1.0, 0.0, 0.0, 0.0, 1.0, 0.0, 1.0, 1.0, 1.0, 0.0, 2.0, 0.0, 2.0, 103.0, 1.0, 1.0, 2.0, 4.0, 0.0, 0.0, 0.0, 2.0, 0.0, 1.0, 2.0, 0.0, 0.0, 0.0, 0.0, 0.0, 0.0, 0.0, 0.0, 0.0, 0.0, 0.0, 0.0, 1.0],