{"val_loss": 5.464084551931592e-06, "val_acc_step": 1.0, "val_acc_epoch": 1.0, "epoch": 49, "trainer/global_step": 399, "_runtime": 14, "_timestamp": 1647264658, "_step": 107, "train_acc_epoch": 1.0, "train_loss": 1.5536170394625515e-05, "train_acc_step": 1.0, "gradients/linear.bias": {"_type": "histogram", "values": [1.0, 0.0, 0.0, 0.0, 0.0, 0.0, 0.0, 0.0, 0.0, 0.0, 0.0, 0.0, 0.0, 0.0, 1.0, 0.0, 0.0, 0.0, 0.0, 0.0, 0.0, 0.0, 0.0, 0.0, 0.0, 0.0, 0.0, 0.0, 0.0, 0.0, 0.0, 0.0, 0.0, 0.0, 0.0, 0.0, 0.0, 0.0, 0.0, 0.0, 3.0, 2.0, 2.0, 1.0, 0.0, 0.0, 0.0, 0.0, 0.0, 0.0, 0.0, 1.0, 0.0, 0.0, 0.0, 0.0, 0.0, 0.0, 0.0, 1.0, 0.0, 0.0, 0.0, 1.0], "bins": [-8.637533937871922e-06, -8.42219014884904e-06, -8.20684726932086e-06, -7.991503480297979e-06, -7.776159691275097e-06, -7.560816811746918e-06, -7.345473022724036e-06, -7.1301296884485055e-06, -6.914786354172975e-06, -6.699443019897444e-06, -6.484099230874563e-06, -6.268755896599032e-06, -6.053412562323501e-06, -5.838069228047971e-06, -5.622725439025089e-06, -5.4073821047495585e-06, -5.192038770474028e-06, -4.976695436198497e-06, -4.761351647175616e-06, -4.546008312900085e-06, -4.330664978624554e-06, -4.115321644349024e-06, -3.899977855326142e-06, -3.6846345210506115e-06, -3.46929073202773e-06, -3.253947170378524e-06, -3.0386038361029932e-06, -2.823260274453787e-06, -2.6079169401782565e-06, -2.3925733785290504e-06, -2.1772298168798443e-06, -1.9618864826043136e-06, -1.746543148328783e-06, -1.5311997003664146e-06, -1.3158562524040462e-06, -1.1005126907548402e-06, -8.851692996358906e-07, -6.698257948301034e-07, -4.5448234686773503e-07, -2.3913889890536666e-07, -2.3795450942998286e-08, 1.915480112302248e-07, 4.068914734034479e-07, 6.222349497875257e-07, 8.375783977498941e-07, 1.0529219025556813e-06, 1.2682653505180497e-06, 1.483608798480418e-06, 1.6989522464427864e-06, 1.9142958080919925e-06, 2.129639142367523e-06, 2.3449827040167293e-06, 2.56032603829226e-06, 2.775669599941466e-06, 2.9910129342169967e-06, 3.2063564958662027e-06, 3.421700057515409e-06, 3.637043619164615e-06, 3.852387180813821e-06, 4.067730515089352e-06, 4.283073849364882e-06, 4.498417183640413e-06, 4.7137609726632945e-06, 4.929104306938825e-06, 5.144447641214356e-06]}, "gradients/linear.weight": {"_type": "histogram", "values": [1.0, 0.0, 0.0, 0.0, 0.0, 0.0, 0.0, 0.0, 0.0, 0.0, 0.0, 1.0, 0.0, 0.0, 0.0, 1.0, 2.0, 1.0, 2.0, 2.0, 0.0, 2.0, 2.0, 2.0, 4.0, 0.0, 2.0, 0.0, 0.0, 1.0, 1.0, 1.0, 2.0, 1.0, 3.0, 5.0, 16.0, 40.0, 1417.0, 89.0, 22.0, 11.0, 8.0, 3.0, 2.0, 1.0, 0.0, 2.0, 6.0, 1.0, 2.0, 2.0, 1.0, 1.0, 2.0, 1.0, 0.0, 0.0, 0.0, 0.0, 0.0, 0.0, 0.0, 1.0], "bins": [-2.532947291911114e-05, -2.4670467610121705e-05, -2.4011460482142866e-05, -2.335245517315343e-05, -2.2693449864163995e-05, -2.203444455517456e-05, -2.137543742719572e-05, -2.0716432118206285e-05, -2.0057424990227446e-05, -1.939841968123801e-05, -1.873941255325917e-05, -1.8080407244269736e-05, -1.74214019352803e-05, -1.6762394807301462e-05, -1.6103389498312026e-05, -1.544438418932259e-05, -1.4785378880333155e-05, -1.4126372661849018e-05, -1.3467367352859583e-05, -1.2808361134375446e-05, -1.214935582538601e-05, -1.1490349606901873e-05, -1.0831343388417736e-05, -1.01723380794283e-05, -9.513331860944163e-06, -8.854325642460026e-06, -8.19532033347059e-06, -7.536314114986453e-06, -6.877308351249667e-06, -6.2183025875128806e-06, -5.559296369028743e-06, -4.900290605291957e-06, -4.241283022565767e-06, -3.582277258828981e-06, -2.923271267718519e-06, -2.2642652766080573e-06, -1.605259512871271e-06, -9.462537491344847e-07, -2.8724753065034747e-07, 3.7175823308643885e-07, 1.0307639968232252e-06, 1.6897698742468492e-06, 2.3487757516704733e-06, 3.007781742780935e-06, 3.6667875065177213e-06, 4.325793270254508e-06, 4.984799488738645e-06, 5.643805252475431e-06, 6.3028110162122175e-06, 6.961816779949004e-06, 7.62082254368579e-06, 8.279828762169927e-06, 8.938834071159363e-06, 9.5978402896435e-06, 1.0256846508127637e-05, 1.0915851817117073e-05, 1.157485803560121e-05, 1.2233864254085347e-05, 1.2892869563074782e-05, 1.355187578155892e-05, 1.4210882000043057e-05, 1.4869887309032492e-05, 1.552889443701133e-05, 1.6187899746000767e-05, 1.6846905054990202e-05]}, "gradients/bn.weight": {"_type": "histogram", "values": [1.0, 0.0, 0.0, 0.0, 0.0, 0.0, 0.0, 0.0, 0.0, 0.0, 0.0, 0.0, 0.0, 0.0, 0.0, 0.0, 0.0, 0.0, 0.0, 0.0, 0.0, 0.0, 0.0, 0.0, 0.0, 0.0, 0.0, 0.0, 0.0, 0.0, 0.0, 0.0, 0.0, 0.0, 0.0, 0.0, 0.0, 1.0, 0.0, 0.0, 0.0, 1.0, 1.0, 0.0, 1.0, 2.0, 0.0, 2.0, 0.0, 2.0, 2.0, 1.0, 1.0, 3.0, 2.0, 4.0, 22.0, 71.0, 4.0, 3.0, 1.0, 2.0, 0.0, 1.0], "bins": [-3.124944487353787e-05, -3.070477760047652e-05, -3.0160110327415168e-05, -2.9615443054353818e-05, -2.907077578129247e-05, -2.852610850823112e-05, -2.798144123516977e-05, -2.743677396210842e-05, -2.689210668904707e-05, -2.634743941598572e-05, -2.580277214292437e-05, -2.525810486986302e-05, -2.471343759680167e-05, -2.416877032374032e-05, -2.362410305067897e-05, -2.307943577761762e-05, -2.2534770323545672e-05, -2.1990103050484322e-05, -2.1445435777422972e-05, -2.0900768504361622e-05, -2.0356101231300272e-05, -1.9811433958238922e-05, -1.9266766685177572e-05, -1.8722101231105626e-05, -1.8177433958044276e-05, -1.7632766684982926e-05, -1.7088099411921576e-05, -1.6543432138860226e-05, -1.5998764865798876e-05, -1.5454097592737526e-05, -1.4909431229170877e-05, -1.4364763956109527e-05, -1.382009759254288e-05, -1.327543031948153e-05, -1.273076304642018e-05, -1.218609577335883e-05, -1.164142850029748e-05, -1.109676122723613e-05, -1.0552094863669481e-05, -1.0007427590608131e-05, -9.46275940805208e-06, -8.91809213499073e-06, -8.37342486192938e-06, -7.82875758886803e-06, -7.28409077055403e-06, -6.73942349749268e-06, -6.194756679178681e-06, -5.650089406117331e-06, -5.105422587803332e-06, -4.560755314741982e-06, -4.016088496427983e-06, -3.471421223366633e-06, -2.926753950305283e-06, -2.382086677243933e-06, -1.8374196315562585e-06, -1.292752585868584e-06, -7.48085312807234e-07, -2.0341815343272174e-07, 3.4124900594179053e-07, 8.859161653163028e-07, 1.430583324690815e-06, 1.975250597752165e-06, 2.5199176434398396e-06, 3.064584689127514e-06, 3.609251962188864e-06]}, "gradients/bn.bias": {"_type": "histogram", "values": [1.0, 0.0, 0.0, 0.0, 0.0, 0.0, 0.0, 0.0, 0.0, 0.0, 0.0, 0.0, 0.0, 0.0, 0.0, 0.0, 0.0, 1.0, 0.0, 0.0, 0.0, 0.0, 0.0, 0.0, 2.0, 1.0, 0.0, 0.0, 2.0, 0.0, 0.0, 3.0, 1.0, 2.0, 0.0, 0.0, 1.0, 4.0, 3.0, 2.0, 12.0, 6.0, 24.0, 48.0, 3.0, 0.0, 1.0, 1.0, 2.0, 0.0, 1.0, 1.0, 1.0, 0.0, 2.0, 1.0, 0.0, 0.0, 0.0, 1.0, 0.0, 0.0, 0.0, 1.0],