{"val_loss": 2.5974739401135594e-05, "val_acc_step": 1.0, "val_acc_epoch": 1.0, "epoch": 49, "trainer/global_step": 200, "_runtime": 31, "_timestamp": 1644867616, "_step": 104, "train_acc_epoch": 1.0, "train_loss": 8.303554204758257e-05, "train_acc_step": 1.0, "gradients/linear.bias": {"_type": "histogram", "values": [1.0, 0.0, 0.0, 0.0, 0.0, 0.0, 1.0, 0.0, 0.0, 0.0, 0.0, 0.0, 0.0, 0.0, 0.0, 0.0, 0.0, 0.0, 0.0, 0.0, 0.0, 1.0, 0.0, 0.0, 0.0, 0.0, 0.0, 0.0, 0.0, 1.0, 0.0, 0.0, 0.0, 0.0, 0.0, 0.0, 0.0, 0.0, 0.0, 0.0, 0.0, 0.0, 0.0, 0.0, 0.0, 0.0, 0.0, 0.0, 0.0, 0.0, 0.0, 0.0, 0.0, 0.0, 0.0, 0.0, 0.0, 0.0, 0.0, 0.0, 0.0, 0.0, 0.0, 1.0], "bins": [-3.732249024324119e-05, -3.578169344109483e-05, -3.424089663894847e-05, -3.270009983680211e-05, -3.115930303465575e-05, -2.9618508051498793e-05, -2.8077713068341836e-05, -2.6536916266195476e-05, -2.4996119464049116e-05, -2.3455322661902755e-05, -2.1914525859756395e-05, -2.037373087659944e-05, -1.8832934074453078e-05, -1.7292137272306718e-05, -1.575134228914976e-05, -1.4210545487003401e-05, -1.266974868485704e-05, -1.112895188271068e-05, -9.588155990059022e-06, -8.047360097407363e-06, -6.506563295261003e-06, -4.965766493114643e-06, -3.4249706004629843e-06, -1.8841747078113258e-06, -3.433779056649655e-07, 1.1974184417340439e-06, 2.7382147891330533e-06, 4.279011136532063e-06, 5.819807483931072e-06, 7.360604286077432e-06, 8.90140017872909e-06, 1.044219607138075e-05, 1.198299287352711e-05, 1.352378967567347e-05, 1.5064585568325128e-05, 1.6605381460976787e-05, 1.8146178263123147e-05, 1.9686975065269507e-05, 2.1227770048426464e-05, 2.2768566850572824e-05, 2.4309363652719185e-05, 2.5850160454865545e-05, 2.7390957257011905e-05, 2.8931752240168862e-05, 3.0472549042315222e-05, 3.2013347663450986e-05, 3.355414082761854e-05, 3.50949376297649e-05, 3.663573443191126e-05, 3.817653123405762e-05, 3.971732803620398e-05, 4.125812483835034e-05, 4.27989216404967e-05, 4.4339714804664254e-05, 4.5880511606810614e-05, 4.7421308408956975e-05, 4.8962105211103335e-05, 5.0502902013249695e-05, 5.2043698815396056e-05, 5.3584495617542416e-05, 5.512528878170997e-05, 5.6666089221835136e-05, 5.820688238600269e-05, 5.974767918814905e-05, 6.128847599029541e-05]}, "gradients/linear.weight": {"_type": "histogram", "values": [1.0, 0.0, 0.0, 0.0, 0.0, 0.0, 0.0, 0.0, 0.0, 1.0, 0.0, 0.0, 1.0, 0.0, 0.0, 1.0, 0.0, 0.0, 0.0, 1.0, 0.0, 0.0, 4.0, 2.0, 0.0, 0.0, 0.0, 3.0, 2.0, 1.0, 3.0, 2.0, 3.0, 19.0, 15.0, 8.0, 0.0, 1.0, 1.0, 0.0, 3.0, 1.0, 1.0, 1.0, 0.0, 0.0, 1.0, 0.0, 0.0, 0.0, 0.0, 0.0, 2.0, 0.0, 0.0, 0.0, 0.0, 0.0, 0.0, 0.0, 1.0, 0.0, 0.0, 1.0], "bins": [-0.00017219188157469034, -0.00016699754633009434, -0.00016180322563741356, -0.00015660889039281756, -0.00015141456970013678, -0.00014622023445554078, -0.00014102589921094477, -0.000135831578518264, -0.000130637243273668, -0.000125442908029072, -0.00012024858733639121, -0.0001150542520917952, -0.00010985992412315682, -0.00010466559615451843, -9.947126818588004e-05, -9.427694021724164e-05, -8.908261224860325e-05, -8.388828427996486e-05, -7.869395631132647e-05, -7.349962834268808e-05, -6.830529309809208e-05, -6.311096512945369e-05, -5.79166371608153e-05, -5.27223055541981e-05, -4.752797758555971e-05, -4.233364961692132e-05, -3.713931801030412e-05, -3.194499004166573e-05, -2.675066025403794e-05, -2.1556330466410145e-05, -1.6362002497771755e-05, -1.1167670891154557e-05, -5.973342922516167e-06, -7.790135896357242e-07, 4.415315743244719e-06, 9.60964462137781e-06, 1.4803974409005605e-05, 1.99983041966334e-05, 2.519263216527179e-05, 3.0386963771888986e-05, 3.5581291740527377e-05, 4.077561970916577e-05, 4.5969951315782964e-05, 5.1164279284421355e-05, 5.6358607253059745e-05, 6.155294249765575e-05, 6.674726319033653e-05, 7.194159843493253e-05, 7.713592640357092e-05, 8.233025437220931e-05, 8.75245823408477e-05, 9.271891030948609e-05, 9.79132455540821e-05, 0.00010310757352272049, 0.00010830190149135888, 0.00011349623673595488, 0.00011869055742863566, 0.00012388489267323166, 0.00012907921336591244, 0.00013427354861050844, 0.00013946786930318922, 0.00014466220454778522, 0.000149856525240466, 0.000155050860485062, 0.000160245195729658]}, "gradients/bn.weight": {"_type": "histogram", "values": [1.0, 0.0, 0.0, 0.0, 0.0, 0.0, 0.0, 0.0, 0.0, 0.0, 0.0, 0.0, 1.0, 0.0, 0.0, 0.0, 0.0, 0.0, 0.0, 0.0, 0.0, 0.0, 0.0, 0.0, 0.0, 0.0, 0.0, 0.0, 0.0, 0.0, 0.0, 0.0, 0.0, 0.0, 1.0, 2.0, 2.0, 0.0, 0.0, 3.0, 0.0, 0.0, 1.0, 1.0, 1.0, 1.0, 0.0, 0.0, 1.0, 0.0, 0.0, 0.0, 0.0, 0.0, 0.0, 0.0, 0.0, 0.0, 0.0, 0.0, 0.0, 0.0, 0.0, 1.0], "bins": [-0.00010675482917577028, -0.00010443256906000897, -0.00010211030166829005, -9.978804155252874e-05, -9.746577416080981e-05, -9.51435140450485e-05, -9.28212539292872e-05, -9.049898653756827e-05, -8.817672642180696e-05, -8.585446630604565e-05, -8.353219891432673e-05, -8.120993879856542e-05, -7.88876714068465e-05, -7.656541129108518e-05, -7.424314389936626e-05, -7.192088378360495e-05, -6.959862366784364e-05, -6.727636355208233e-05, -6.49540961603634e-05, -6.26318360446021e-05, -6.030957229086198e-05, -5.798730853712186e-05, -5.5665044783381745e-05, -5.334278102964163e-05, -5.1020513637922704e-05, -4.869824988418259e-05, -4.637598613044247e-05, -4.405372601468116e-05, -4.1731462260941043e-05, -3.9409198507200927e-05, -3.708693475346081e-05, -3.476467099972069e-05, -3.244241452193819e-05, -3.0120150768198073e-05, -2.779788883344736e-05, -2.5475625079707243e-05, -2.315336314495653e-05, -2.0831099391216412e-05, -1.8508835637476295e-05, -1.6186573702725582e-05, -1.3864309948985465e-05, -1.154204710474005e-05, -9.219784260494635e-06, -6.8975205067545176e-06, -4.575257662509102e-06, -2.252994818263687e-06, 6.926893547642976e-08, 2.391530870227143e-06, 4.71379462396726e-06, 7.036057468212675e-06, 9.35832031245809e-06, 1.1680584066198207e-05, 1.4002846910443623e-05, 1.6325109754689038e-05, 1.8647373508429155e-05, 2.0969635443179868e-05, 2.3291899196919985e-05, 2.5614162950660102e-05, 2.7936424885410815e-05, 3.0258688639150932e-05, 3.258095239289105e-05, 3.490321250865236e-05, 3.722547990037128e-05, 3.954774001613259e-05, 4.187000376987271e-05]}, "gradients/bn.bias": {"_type": "histogram", "values": [1.0, 0.0, 0.0, 0.0, 0.0, 0.0, 1.0, 0.0, 0.0, 0.0, 0.0, 0.0, 0.0, 2.0, 0.0, 0.0, 1.0, 0.0, 0.0, 1.0, 1.0, 0.0, 1.0, 1.0, 0.0, 0.0, 0.0, 0.0, 0.0, 0.0, 0.0, 0.0, 1.0, 0.0, 0.0, 0.0, 0.0, 1.0, 0.0, 1.0, 1.0, 1.0, 0.0, 0.0, 0.0, 0.0, 0.0, 0.0, 0.0, 1.0, 0.0, 0.0, 0.0, 0.0, 0.0, 0.0, 0.0, 0.0, 0.0, 0.0, 0.0, 0.0, 0.0, 1.0],