{"val_loss": 6.142929123598151e-06, "val_acc_step": 1.0, "val_acc_epoch": 1.0, "epoch": 49, "trainer/global_step": 399, "_runtime": 65, "_timestamp": 1647264758, "_step": 107, "train_acc_epoch": 1.0, "train_loss": 1.2142498235334642e-05, "train_acc_step": 1.0, "gradients/linear.bias": {"_type": "histogram", "values": [1.0, 0.0, 0.0, 0.0, 0.0, 0.0, 0.0, 0.0, 0.0, 0.0, 0.0, 0.0, 0.0, 0.0, 0.0, 0.0, 1.0, 0.0, 0.0, 0.0, 0.0, 1.0, 0.0, 0.0, 0.0, 0.0, 0.0, 0.0, 0.0, 1.0, 0.0, 1.0, 1.0, 1.0, 0.0, 0.0, 1.0, 0.0, 1.0, 0.0, 0.0, 0.0, 0.0, 1.0, 0.0, 0.0, 0.0, 1.0, 0.0, 0.0, 0.0, 1.0, 0.0, 0.0, 0.0, 0.0, 0.0, 0.0, 0.0, 0.0, 0.0, 0.0, 0.0, 1.0], "bins": [-1.914851054607425e-06, -1.859063218034862e-06, -1.803275495149137e-06, -1.7474876585765742e-06, -1.691699935690849e-06, -1.6359120991182863e-06, -1.5801242625457235e-06, -1.5243365396599984e-06, -1.4685487030874356e-06, -1.4127608665148728e-06, -1.3569731436291477e-06, -1.3011853070565849e-06, -1.245397470484022e-06, -1.189609747598297e-06, -1.1338219110257342e-06, -1.0780340744531713e-06, -1.0222463515674463e-06, -9.664585149948834e-07, -9.106707921091584e-07, -8.548829555365955e-07, -7.990951758074516e-07, -7.433073960783076e-07, -6.875195595057448e-07, -6.317317797766009e-07, -5.759440000474569e-07, -5.20156220318313e-07, -4.643684121674596e-07, -4.0858060401660623e-07, -3.527928242874623e-07, -2.9700504455831833e-07, -2.4121723640746495e-07, -1.8542942825661157e-07, -1.2964176221430534e-07, -7.385396827430668e-08, -1.8066174334308016e-08, 3.772161960569065e-08, 9.350941354568931e-08, 1.4929719327483326e-07, 2.0508500142568664e-07, 2.6087280957654e-07, 3.1666058930568397e-07, 3.724483690348279e-07, 4.282361771856813e-07, 4.840239853365347e-07, 5.398117650656786e-07, 5.955995447948226e-07, 6.513873813673854e-07, 7.071751610965293e-07, 7.629629408256733e-07, 8.187507205548172e-07, 8.745385002839612e-07, 9.30326336856524e-07, 9.861141734290868e-07, 1.0419018963148119e-06, 1.0976897328873747e-06, 1.1534775694599375e-06, 1.2092652923456626e-06, 1.2650531289182254e-06, 1.3208408518039505e-06, 1.3766286883765133e-06, 1.4324164112622384e-06, 1.4882042478348012e-06, 1.543992084407364e-06, 1.5997798072930891e-06, 1.655567643865652e-06]}, "gradients/linear.weight": {"_type": "histogram", "values": [1.0, 0.0, 0.0, 0.0, 0.0, 0.0, 0.0, 0.0, 1.0, 0.0, 1.0, 0.0, 0.0, 0.0, 1.0, 1.0, 1.0, 0.0, 0.0, 1.0, 1.0, 3.0, 4.0, 1.0, 1.0, 7.0, 4.0, 7.0, 4.0, 9.0, 16.0, 28.0, 33.0, 66.0, 1188.0, 172.0, 40.0, 23.0, 7.0, 12.0, 6.0, 6.0, 1.0, 5.0, 3.0, 3.0, 1.0, 2.0, 1.0, 0.0, 0.0, 0.0, 0.0, 1.0, 0.0, 0.0, 1.0, 0.0, 0.0, 0.0, 0.0, 0.0, 0.0, 1.0], "bins": [-1.0687657777452841e-05, -1.037798574543558e-05, -1.006831371341832e-05, -9.75864259089576e-06, -9.4489705588785e-06, -9.13929852686124e-06, -8.829626494843978e-06, -8.519954462826718e-06, -8.210283340304159e-06, -7.900611308286898e-06, -7.590939731016988e-06, -7.281267698999727e-06, -6.971596121729817e-06, -6.6619240897125565e-06, -6.352252057695296e-06, -6.042580025678035e-06, -5.732907993660774e-06, -5.423235961643513e-06, -5.113564384373603e-06, -4.803892352356343e-06, -4.494220775086433e-06, -4.184548743069172e-06, -3.874876711051911e-06, -3.5652049064083258e-06, -3.2555331017647404e-06, -2.945861297121155e-06, -2.6361894924775697e-06, -2.326517460460309e-06, -2.0168456558167236e-06, -1.7071738511731382e-06, -1.3975019328427152e-06, -1.0878300145122921e-06, -7.781582098687068e-07, -4.6848634838170256e-07, -1.5881448689469835e-07, 1.5085737459230586e-07, 4.6052923607931007e-07, 7.702010407228954e-07, 1.0798729590533185e-06, 1.3895448773837416e-06, 1.699216682027327e-06, 2.0088884866709122e-06, 2.3185602913144976e-06, 2.6282323233317584e-06, 2.9379041279753437e-06, 3.247575932618929e-06, 3.55724796463619e-06, 3.8669195419061e-06, 4.1765915739233606e-06, 4.486263605940621e-06, 4.795935183210531e-06, 5.105607215227792e-06, 5.415278792497702e-06, 5.724950824514963e-06, 6.0346228565322235e-06, 6.344294888549484e-06, 6.653966465819394e-06, 6.963638497836655e-06, 7.273310075106565e-06, 7.582982107123826e-06, 7.892654139141086e-06, 8.202325261663646e-06, 8.511997293680906e-06, 8.821669325698167e-06, 9.131341357715428e-06]}, "gradients/bn.weight": {"_type": "histogram", "values": [1.0, 0.0, 0.0, 0.0, 0.0, 0.0, 0.0, 0.0, 0.0, 0.0, 0.0, 0.0, 0.0, 0.0, 0.0, 0.0, 0.0, 0.0, 0.0, 0.0, 0.0, 0.0, 0.0, 0.0, 0.0, 1.0, 0.0, 1.0, 0.0, 0.0, 0.0, 0.0, 0.0, 0.0, 0.0, 0.0, 1.0, 0.0, 1.0, 1.0, 0.0, 1.0, 1.0, 1.0, 1.0, 9.0, 3.0, 3.0, 4.0, 1.0, 4.0, 2.0, 2.0, 3.0, 1.0, 4.0, 3.0, 2.0, 12.0, 17.0, 11.0, 13.0, 21.0, 3.0], "bins": [-7.774834557494614e-06, -7.650563929928467e-06, -7.526292392867617e-06, -7.402021310554119e-06, -7.27775022824062e-06, -7.153479600674473e-06, -7.029208063613623e-06, -6.904937436047476e-06, -6.780666353733977e-06, -6.656395271420479e-06, -6.53212418910698e-06, -6.407853106793482e-06, -6.283582024479983e-06, -6.159310942166485e-06, -6.035040314600337e-06, -5.910769232286839e-06, -5.78649814997334e-06, -5.662227067659842e-06, -5.537955985346343e-06, -5.413684903032845e-06, -5.289413820719346e-06, -5.165143193153199e-06, -5.0408716560923494e-06, -4.916601028526202e-06, -4.7923294914653525e-06, -4.668058409151854e-06, -4.5437873268383555e-06, -4.419516244524857e-06, -4.2952451622113585e-06, -4.170974534645211e-06, -4.046702997584362e-06, -3.922432370018214e-06, -3.7981612877047155e-06, -3.673890205391217e-06, -3.5496191230777185e-06, -3.42534804076422e-06, -3.301077185824397e-06, -3.1768061035108985e-06, -3.0525350211974e-06, -2.9282639388839016e-06, -2.803992856570403e-06, -2.6797217742569046e-06, -2.555450691943406e-06, -2.431179837003583e-06, -2.3069087546900846e-06, -2.182637672376586e-06, -2.0583665900630876e-06, -1.934095507749589e-06, -1.8098245391229284e-06, -1.68555345680943e-06, -1.5612824881827692e-06, -1.4370114058692707e-06, -1.3127403235557722e-06, -1.1884693549291114e-06, -1.064198272615613e-06, -9.399272471455333e-07, -8.156562216754537e-07, -6.913851962053741e-07, -5.671141707352945e-07, -4.42843088421796e-07, -3.1857206295171636e-07, -1.9430103748163674e-07, -7.002995516813826e-08, 5.424107030194136e-08, 1.7851206735031155e-07]}, "gradients/bn.bias": {"_type": "histogram", "values": [1.0, 2.0, 1.0, 0.0, 0.0, 1.0, 0.0, 0.0, 1.0, 0.0, 3.0, 0.0, 1.0, 1.0, 2.0, 1.0, 2.0, 2.0, 3.0, 1.0, 3.0, 2.0, 1.0, 4.0, 4.0, 3.0, 0.0, 1.0, 2.0, 1.0, 2.0, 0.0, 0.0, 4.0, 6.0, 4.0, 4.0, 6.0, 7.0, 4.0, 4.0, 8.0, 6.0, 18.0, 2.0, 0.0, 0.0, 2.0, 0.0, 2.0, 1.0, 2.0, 1.0, 0.0, 0.0, 0.0, 0.0, 0.0, 1.0, 0.0, 0.0, 0.0, 0.0, 1.0],