{"val_loss": 0.7621843218803406, "val_acc_step": 0.6392694115638733, "val_acc_epoch": 0.6392694115638733, "epoch": 2, "trainer/global_step": 11, "_runtime": 16, "_timestamp": 1644936680, "_step": 109, "train_acc_epoch": 0.9817351698875427, "train_loss": 7.858229946577922e-05, "train_acc_step": 1.0, "gradients/linear.bias": {"_type": "histogram", "values": [1.0, 0.0, 0.0, 0.0, 0.0, 0.0, 0.0, 0.0, 0.0, 0.0, 0.0, 0.0, 0.0, 0.0, 0.0, 0.0, 0.0, 0.0, 0.0, 1.0, 0.0, 0.0, 0.0, 0.0, 0.0, 0.0, 0.0, 0.0, 0.0, 0.0, 0.0, 0.0, 0.0, 0.0, 0.0, 0.0, 1.0, 0.0, 0.0, 0.0, 0.0, 0.0, 0.0, 0.0, 0.0, 0.0, 0.0, 0.0, 0.0, 0.0, 0.0, 0.0, 0.0, 1.0, 0.0, 0.0, 0.0, 0.0, 0.0, 0.0, 0.0, 0.0, 0.0, 1.0], "bins": [-4.920805440633558e-05, -4.77914436487481e-05, -4.637483652913943e-05, -4.495822577155195e-05, -4.3541615013964474e-05, -4.2125007894355804e-05, -4.0708397136768326e-05, -3.929178637918085e-05, -3.787517925957218e-05, -3.64585685019847e-05, -3.504196138237603e-05, -3.362535062478855e-05, -3.220874350517988e-05, -3.0792132747592404e-05, -2.9375521990004927e-05, -2.7958913051406853e-05, -2.654230411280878e-05, -2.5125695174210705e-05, -2.370908623561263e-05, -2.2292475478025153e-05, -2.087586653942708e-05, -1.9459257600829005e-05, -1.8042646843241528e-05, -1.6626037904643454e-05, -1.520942896604538e-05, -1.3792820027447306e-05, -1.237621017935453e-05, -1.0959600331261754e-05, -9.54299139266368e-06, -8.126382454065606e-06, -6.70977260597283e-06, -5.293162757880054e-06, -3.8765574572607875e-06, -2.4599480639153626e-06, -1.0433386705699377e-06, 3.7327072277548723e-07, 1.7898801161209121e-06, 3.206489509466337e-06, 4.623098902811762e-06, 6.039708750904538e-06, 7.456317689502612e-06, 8.872926628100686e-06, 1.0289536476193462e-05, 1.1706146324286237e-05, 1.3122755262884311e-05, 1.4539364201482385e-05, 1.5955974959069863e-05, 1.7372583897667937e-05, 1.878919283626601e-05, 2.0205801774864085e-05, 2.162241071346216e-05, 2.3039021471049637e-05, 2.445563040964771e-05, 2.5872239348245785e-05, 2.7288850105833262e-05, 2.8705459044431336e-05, 3.012206798302941e-05, 3.153867874061689e-05, 3.295528586022556e-05, 3.4371896617813036e-05, 3.5788507375400513e-05, 3.7205114495009184e-05, 3.862172525259666e-05, 4.003833601018414e-05, 4.145494312979281e-05]}, "gradients/linear.weight": {"_type": "histogram", "values": [1.0, 0.0, 0.0, 0.0, 0.0, 0.0, 0.0, 0.0, 0.0, 0.0, 0.0, 0.0, 0.0, 0.0, 0.0, 1.0, 0.0, 0.0, 0.0, 1.0, 0.0, 0.0, 0.0, 0.0, 0.0, 0.0, 0.0, 0.0, 0.0, 0.0, 0.0, 0.0, 0.0, 9.0, 4.0, 4.0, 0.0, 18.0, 22.0, 9.0, 5.0, 0.0, 0.0, 0.0, 1.0, 0.0, 0.0, 0.0, 2.0, 0.0, 0.0, 1.0, 0.0, 0.0, 0.0, 1.0, 0.0, 0.0, 0.0, 0.0, 0.0, 0.0, 0.0, 1.0], "bins": [-0.00029758186428807676, -0.0002896690566558391, -0.0002817562490236014, -0.00027384344139136374, -0.00026593063375912607, -0.0002580178261268884, -0.0002501050184946507, -0.00024219219631049782, -0.00023427938867826015, -0.00022636658104602247, -0.0002184537734137848, -0.00021054096578154713, -0.00020262814359739423, -0.00019471533596515656, -0.00018680252833291888, -0.0001788897207006812, -0.00017097691306844354, -0.00016306410543620586, -0.0001551512978039682, -0.00014723849017173052, -0.00013932568253949285, -0.00013141287490725517, -0.00012350005272310227, -0.0001155872450908646, -0.00010767443745862693, -9.976162982638925e-05, -9.184882219415158e-05, -8.39360072859563e-05, -7.602319965371862e-05, -6.811039202148095e-05, -6.019758075126447e-05, -5.228476948104799e-05, -4.437193274497986e-05, -3.6459125112742186e-05, -2.8546313842525706e-05, -2.063350439129863e-05, -1.2720694940071553e-05, -4.80788730783388e-06, 3.1049239623825997e-06, 1.101773523259908e-05, 1.8930542864836752e-05, 2.684335231606383e-05, 3.4756161767290905e-05, 4.2668973037507385e-05, 5.058178066974506e-05, 5.849458830198273e-05, 6.640740321017802e-05, 7.432021084241569e-05, 8.223301847465336e-05, 9.014582610689104e-05, 9.805863373912871e-05, 0.000105971448647324, 0.00011388425627956167, 0.00012179706391179934, 0.00012970987881999463, 0.0001376226864522323, 0.00014553549408446997, 0.00015344830171670765, 0.00016136110934894532, 0.000169273916981183, 0.0001771867391653359, 0.00018509954679757357, 0.00019301235442981124, 0.0002009251620620489, 0.00020883796969428658]}, "gradients/bn.weight": {"_type": "histogram", "values": [1.0, 0.0, 0.0, 0.0, 0.0, 0.0, 0.0, 0.0, 0.0, 0.0, 0.0, 0.0, 0.0, 0.0, 0.0, 0.0, 0.0, 0.0, 0.0, 0.0, 0.0, 0.0, 0.0, 0.0, 0.0, 0.0, 0.0, 0.0, 0.0, 0.0, 0.0, 0.0, 0.0, 0.0, 0.0, 0.0, 0.0, 1.0, 1.0, 4.0, 4.0, 2.0, 2.0, 0.0, 0.0, 0.0, 0.0, 0.0, 0.0, 0.0, 0.0, 0.0, 0.0, 0.0, 0.0, 0.0, 0.0, 0.0, 0.0, 0.0, 0.0, 0.0, 0.0, 1.0], "bins": [-0.00022863340564072132, -0.0002232554106740281, -0.00021787741570733488, -0.00021249942074064165, -0.00020712142577394843, -0.0002017434308072552, -0.00019636543584056199, -0.00019098742632195354, -0.00018560944590717554, -0.00018023145094048232, -0.0001748534559737891, -0.00016947546100709587, -0.00016409746604040265, -0.00015871947107370943, -0.0001533414761070162, -0.00014796346658840775, -0.00014258547162171453, -0.0001372074766550213, -0.0001318294816883281, -0.00012645148672163486, -0.00012107349175494164, -0.00011569549678824842, -0.00011031749454559758, -0.00010493949957890436, -9.956150461221114e-05, -9.418350964551792e-05, -8.880551467882469e-05, -8.342751243617386e-05, -7.804951746948063e-05, -7.267152250278741e-05, -6.729352753609419e-05, -6.191553256940097e-05, -5.653753032675013e-05, -5.115953536005691e-05, -4.5781540393363684e-05, -4.0403541788691655e-05, -3.502554682199843e-05, -2.964755185530521e-05, -2.426955325063318e-05, -1.8891558283939958e-05, -1.3513563317246735e-05, -8.13556744105881e-06, -2.7575715648708865e-06, 2.6204252208117396e-06, 7.998420187504962e-06, 1.3376415154198185e-05, 1.8754413758870214e-05, 2.4132408725563437e-05, 2.951040369225666e-05, 3.488839865894988e-05, 4.0266393625643104e-05, 4.5644392230315134e-05, 5.1022387197008356e-05, 5.640038216370158e-05, 6.177838076837361e-05, 6.715637573506683e-05, 7.253437070176005e-05, 7.791236566845328e-05, 8.32903606351465e-05, 8.866835560183972e-05, 9.404635056853294e-05, 9.942434553522617e-05, 0.000104802347777877, 0.00011018034274457023, 0.00011555833771126345]}, "gradients/bn.bias": {"_type": "histogram", "values": [1.0, 0.0, 0.0, 0.0, 0.0, 0.0, 0.0, 0.0, 0.0, 0.0, 0.0, 0.0, 0.0, 0.0, 0.0, 0.0, 0.0, 0.0, 0.0, 0.0, 0.0, 0.0, 0.0, 0.0, 0.0, 0.0, 0.0, 3.0, 1.0, 2.0, 1.0, 3.0, 0.0, 1.0, 1.0, 1.0, 0.0, 0.0, 0.0, 0.0, 1.0, 0.0, 0.0, 0.0, 0.0, 0.0, 0.0, 0.0, 0.0, 0.0, 0.0, 0.0, 0.0, 0.0, 0.0, 0.0, 0.0, 0.0, 0.0, 0.0, 0.0, 0.0, 0.0, 1.0],