{"val_loss": 0.08975370228290558, "val_acc_step": 0.9664031863212585, "val_acc_epoch": 0.9664031863212585, "epoch": 49, "trainer/global_step": 399, "_runtime": 11, "_timestamp": 1647265013, "_step": 107, "train_acc_epoch": 0.9367588758468628, "train_loss": 0.14100967347621918, "train_acc_step": 0.9482758641242981, "gradients/model.8.bias": {"_type": "histogram", "values": [1.0, 0.0, 0.0, 0.0, 0.0, 0.0, 0.0, 0.0, 0.0, 1.0, 0.0, 0.0, 0.0, 1.0, 0.0, 0.0, 0.0, 0.0, 0.0, 0.0, 1.0, 0.0, 1.0, 0.0, 0.0, 0.0, 0.0, 0.0, 0.0, 0.0, 0.0, 0.0, 0.0, 0.0, 0.0, 1.0, 1.0, 0.0, 1.0, 0.0, 0.0, 0.0, 0.0, 0.0, 0.0, 0.0, 1.0, 0.0, 1.0, 0.0, 0.0, 0.0, 0.0, 0.0, 0.0, 0.0, 0.0, 0.0, 1.0, 1.0, 0.0, 0.0, 0.0, 1.0], "bins": [-0.016790341585874557, -0.016308775171637535, -0.015827208757400513, -0.015345641411840916, -0.014864074066281319, -0.014382507652044296, -0.013900941237807274, -0.013419373892247677, -0.012937807478010654, -0.012456241063773632, -0.011974673718214035, -0.011493107303977013, -0.011011539958417416, -0.010529973544180393, -0.010048406198620796, -0.009566839784383774, -0.009085273370146751, -0.008603706955909729, -0.008122139610350132, -0.00764057319611311, -0.0071590063162148, -0.00667743943631649, -0.0061958725564181805, -0.005714305676519871, -0.005232738330960274, -0.004751171451061964, -0.004269604571163654, -0.0037880379240959883, -0.0033064712770283222, -0.0028249043971300125, -0.002343337517231703, -0.0018617708701640368, -0.0013802042230963707, -0.0008986374596133828, -0.000417070637922734, 6.449618376791477e-05, 0.0005460629472509027, 0.0010276297107338905, 0.0015091965906322002, 0.0019907632376998663, 0.002472330117598176, 0.0029538969974964857, 0.0034354636445641518, 0.0039170305244624615, 0.004398597404360771, 0.004880163818597794, 0.005361731164157391, 0.005843297578394413, 0.006324864458292723, 0.006806431338191032, 0.007287998218089342, 0.007769565097987652, 0.008251131512224674, 0.008732698857784271, 0.009214265272021294, 0.009695831686258316, 0.010177399031817913, 0.010658965446054935, 0.011140532791614532, 0.011622099205851555, 0.012103666551411152, 0.012585232965648174, 0.013066800311207771, 0.013548366725444794, 0.014029933139681816]}, "gradients/model.8.weight": {"_type": "histogram", "values": [2.0, 0.0, 0.0, 0.0, 1.0, 0.0, 1.0, 0.0, 0.0, 0.0, 0.0, 0.0, 1.0, 0.0, 1.0, 2.0, 0.0, 0.0, 1.0, 2.0, 3.0, 0.0, 2.0, 0.0, 1.0, 2.0, 1.0, 1.0, 0.0, 1.0, 1.0, 10.0, 1604.0, 3.0, 1.0, 1.0, 1.0, 2.0, 1.0, 3.0, 0.0, 4.0, 1.0, 3.0, 0.0, 0.0, 0.0, 1.0, 1.0, 1.0, 1.0, 0.0, 0.0, 0.0, 0.0, 0.0, 0.0, 0.0, 0.0, 1.0, 0.0, 0.0, 0.0, 2.0], "bins": [-0.02661016769707203, -0.02578047476708889, -0.024950779974460602, -0.024121087044477463, -0.023291392251849174, -0.022461699321866035, -0.021632004529237747, -0.020802311599254608, -0.01997261866927147, -0.01914292573928833, -0.018313230946660042, -0.017483538016676903, -0.016653843224048615, -0.015824150294065475, -0.014994456432759762, -0.014164762571454048, -0.013335068710148335, -0.01250537484884262, -0.011675680987536907, -0.010845987126231194, -0.010016294196248055, -0.00918660033494234, -0.008356906473636627, -0.007527213077992201, -0.006697519216686487, -0.0058678253553807735, -0.005038131959736347, -0.0042084380984306335, -0.0033787444699555635, -0.0025490508414804935, -0.00171935698017478, -0.0008896635845303535, -5.996972322463989e-05, 0.000769723963458091, 0.001599417650140822, 0.0024291113950312138, 0.0032588050235062838, 0.004088498651981354, 0.004918192513287067, 0.005747885908931494, 0.006577579770237207, 0.007407273631542921, 0.008236967027187347, 0.009066660888493061, 0.009896354749798775, 0.010726047679781914, 0.011555742472410202, 0.012385435402393341, 0.013215129263699055, 0.014044823125004768, 0.014874516986310482, 0.015704210847616196, 0.016533903777599335, 0.017363596707582474, 0.018193291500210762, 0.0190229844301939, 0.01985267922282219, 0.02068237215280533, 0.021512066945433617, 0.022341759875416756, 0.023171454668045044, 0.024001147598028183, 0.024830840528011322, 0.02566053532063961, 0.02649022825062275]}, "gradients/model.5.weight": {"_type": "histogram", "values": [1.0, 0.0, 0.0, 0.0, 0.0, 0.0, 0.0, 0.0, 0.0, 0.0, 0.0, 0.0, 0.0, 0.0, 0.0, 0.0, 0.0, 1.0, 0.0, 0.0, 0.0, 2.0, 0.0, 0.0, 1.0, 1.0, 0.0, 0.0, 0.0, 0.0, 0.0, 0.0, 0.0, 0.0, 1.0, 1.0, 0.0, 2.0, 2.0, 107.0, 1.0, 1.0, 1.0, 0.0, 0.0, 0.0, 0.0, 0.0, 0.0, 1.0, 0.0, 1.0, 1.0, 0.0, 0.0, 0.0, 0.0, 0.0, 0.0, 1.0, 0.0, 0.0, 0.0, 2.0], "bins": [-0.024817662313580513, -0.024191996082663536, -0.02356633171439171, -0.02294066548347473, -0.022315001115202904, -0.021689334884285927, -0.0210636705160141, -0.020438004285097122, -0.019812338054180145, -0.01918667182326317, -0.01856100745499134, -0.017935341224074364, -0.017309676855802536, -0.01668401062488556, -0.016058344393968582, -0.015432680025696754, -0.014807014726102352, -0.01418134942650795, -0.013555684126913548, -0.012930018827319145, -0.012304352596402168, -0.011678687296807766, -0.011053021997213364, -0.010427355766296387, -0.009801691398024559, -0.009176026098430157, -0.008550360798835754, -0.007924694567918777, -0.007299029268324375, -0.006673363968729973, -0.0060476986691355705, -0.005422032903879881, -0.004796367138624191, -0.004170701839029789, -0.0035450360737740993, -0.002919370774179697, -0.002293705241754651, -0.001668039709329605, -0.0010423744097352028, -0.00041670864447951317, 0.00020895665511488914, 0.0008346221293322742, 0.0014602876035496593, 0.0020859530195593834, 0.0027116185519844294, 0.0033372840844094753, 0.003962949384003878, 0.004588615149259567, 0.00521428044885397, 0.005839945748448372, 0.0064656115137040615, 0.007091276813298464, 0.0077169425785541534, 0.008342607878148556, 0.008968273177742958, 0.009593939408659935, 0.010219603776931763, 0.010845269076526165, 0.011470934376120567, 0.012096600607037544, 0.012722265906631947, 0.013347931206226349, 0.013973596505820751, 0.014599261805415154, 0.01522492803633213]}, "gradients/model.5.bias": {"_type": "histogram", "values": [1.0, 0.0, 0.0, 1.0, 0.0, 1.0, 0.0, 0.0, 0.0, 1.0, 0.0, 0.0, 1.0, 0.0, 0.0, 0.0, 1.0, 0.0, 0.0, 0.0, 0.0, 1.0, 0.0, 0.0, 0.0, 0.0, 2.0, 1.0, 0.0, 0.0, 0.0, 1.0, 3.0, 106.0, 0.0, 0.0, 1.0, 0.0, 0.0, 0.0, 1.0, 0.0, 2.0, 1.0, 0.0, 0.0, 0.0, 1.0, 0.0, 0.0, 0.0, 0.0, 0.0, 0.0, 0.0, 1.0, 0.0, 0.0, 0.0, 0.0, 0.0, 0.0, 0.0, 1.0], "bins": [-0.0527314618229866, -0.05116966739296913, -0.04960787296295166, -0.04804607853293419, -0.04648428410291672, -0.044922493398189545, -0.04336069896817207, -0.0417989045381546, -0.04023711010813713, -0.03867531567811966, -0.03711352124810219, -0.03555172681808472, -0.033989936113357544, -0.03242814168334007, -0.0308663472533226, -0.02930455282330513, -0.02774275839328766, -0.026180963963270187, -0.024619169533252716, -0.023057376965880394, -0.021495582535862923, -0.01993378810584545, -0.01837199553847313, -0.016810201108455658, -0.015248406678438187, -0.013686612248420715, -0.012124818749725819, -0.010563025251030922, -0.00900123082101345, -0.007439436856657267, -0.005877642892301083, -0.004315849393606186, -0.002754058688879013, -0.001192264724522829, 0.00036952923983335495, 0.001931323204189539, 0.003493117168545723, 0.005054911132901907, 0.006616705097258091, 0.008178498595952988, 0.009740293025970459, 0.01130208745598793, 0.012863880954682827, 0.014425674453377724, 0.015987468883395195, 0.017549263313412666, 0.01911105588078499, 0.02067285031080246, 0.02223464474081993, 0.023796439170837402, 0.025358233600854874, 0.026920026168227196, 0.028481820598244667, 0.03004361502826214, 0.03160540759563446, 0.03316720202565193, 0.0347289964556694, 0.036290790885686874, 0.037852585315704346, 0.03941437974572182, 0.04097617417573929, 0.04253796488046646, 0.04409975931048393, 0.045661553740501404, 0.047223348170518875]}, "gradients/model.4.bias": {"_type": "histogram",