{"val_loss": 0.1055138111114502, "val_acc_step": 0.9604743123054504, "val_acc_epoch": 0.9604743123054504, "epoch": 49, "trainer/global_step": 399, "_runtime": 17, "_timestamp": 1647265124, "_step": 107, "train_acc_epoch": 0.9604743123054504, "train_loss": 0.0447128564119339, "train_acc_step": 0.982758641242981, "gradients/model.8.bias": {"_type": "histogram", "values": [1.0, 0.0, 0.0, 0.0, 0.0, 0.0, 0.0, 0.0, 0.0, 0.0, 0.0, 0.0, 0.0, 0.0, 0.0, 0.0, 0.0, 0.0, 0.0, 0.0, 0.0, 0.0, 0.0, 0.0, 0.0, 0.0, 0.0, 0.0, 0.0, 0.0, 0.0, 0.0, 0.0, 0.0, 0.0, 0.0, 0.0, 0.0, 0.0, 0.0, 0.0, 0.0, 0.0, 0.0, 0.0, 0.0, 0.0, 0.0, 0.0, 0.0, 1.0, 0.0, 0.0, 0.0, 2.0, 1.0, 2.0, 1.0, 0.0, 1.0, 2.0, 0.0, 0.0, 2.0], "bins": [-0.013156162574887276, -0.01290973648428917, -0.012663310393691063, -0.012416883371770382, -0.012170457281172276, -0.01192403119057417, -0.011677604168653488, -0.011431178078055382, -0.011184751987457275, -0.010938325896859169, -0.010691899806261063, -0.010445472784340382, -0.010199046693742275, -0.009952620603144169, -0.009706193581223488, -0.009459767490625381, -0.009213341400027275, -0.008966915309429169, -0.008720489218831062, -0.008474062196910381, -0.008227636106312275, -0.007981210015714169, -0.007734783459454775, -0.007488356903195381, -0.007241930812597275, -0.006995504721999168, -0.006749078165739775, -0.006502651609480381, -0.006256225518882275, -0.006009799428284168, -0.0057633728720247746, -0.005516946315765381, -0.005270521156489849, -0.005024095065891743, -0.004777668509632349, -0.004531241953372955, -0.004284815862774849, -0.0040383897721767426, -0.003791963215917349, -0.003545536892488599, -0.003299110336229205, -0.003052684012800455, -0.002806257689371705, -0.002559831365942955, -0.002313405042514205, -0.002066978719085455, -0.001820552395656705, -0.0015741260722279549, -0.0013276997487992048, -0.0010812734253704548, -0.0008348471019417048, -0.0005884207785129547, -0.0003419944550842047, -9.556813165545464e-05, 0.0001508581917732954, 0.00039728451520204544, 0.0006437108386307955, 0.0008901371620595455, 0.0011365634854882956, 0.0013829898089170456, 0.0016294161323457956, 0.0018758424557745457, 0.0021222687792032957, 0.0023686951026320457, 0.002615121426060796]}, "gradients/model.8.weight": {"_type": "histogram", "values": [1.0, 0.0, 0.0, 0.0, 0.0, 0.0, 0.0, 0.0, 0.0, 0.0, 0.0, 0.0, 0.0, 0.0, 0.0, 0.0, 0.0, 0.0, 0.0, 0.0, 1.0, 0.0, 0.0, 0.0, 0.0, 0.0, 0.0, 0.0, 0.0, 0.0, 0.0, 0.0, 0.0, 0.0, 0.0, 0.0, 0.0, 0.0, 0.0, 2.0, 1.0, 1639.0, 10.0, 5.0, 2.0, 1.0, 0.0, 0.0, 0.0, 0.0, 0.0, 0.0, 1.0, 0.0, 0.0, 0.0, 0.0, 0.0, 0.0, 0.0, 0.0, 0.0, 0.0, 1.0], "bins": [-0.009055671282112598, -0.008837549015879631, -0.008619425818324089, -0.008401303552091122, -0.008183181285858154, -0.007965059019625187, -0.007746935822069645, -0.0075288135558366776, -0.00731069128960371, -0.0070925685577094555, -0.006874446291476488, -0.006656323559582233, -0.006438201293349266, -0.006220078561455011, -0.006001955829560757, -0.005783833563327789, -0.005565710831433535, -0.00534758809953928, -0.0051294658333063126, -0.004911343101412058, -0.0046932208351790905, -0.004475098103284836, -0.0042569758370518684, -0.004038853105157614, -0.0038207306060940027, -0.0036026081070303917, -0.0033844856079667807, -0.0031663631089031696, -0.002948240377008915, -0.0027301181107759476, -0.002511995378881693, -0.002293872879818082, -0.002075750846415758, -0.001857628347352147, -0.001639505848288536, -0.0014213832328096032, -0.0012032607337459922, -0.0009851382346823812, -0.0007670156192034483, -0.0005488931201398373, -0.00033077062107622623, -0.00011264809290878475, 0.00010547443525865674, 0.0003235969925299287, 0.0005417194915935397, 0.0007598419906571507, 0.0009779646061360836, 0.0011960871051996946, 0.0014142096042633057, 0.0016323321033269167, 0.0018504546023905277, 0.0020685773342847824, 0.00228669960051775, 0.0025048223324120045, 0.0027229448314756155, 0.0029410673305392265, 0.0031591898296028376, 0.0033773123286664486, 0.0035954348277300596, 0.0038135573267936707, 0.004031680058687925, 0.004249802324920893, 0.004467925056815147, 0.004686047323048115, 0.0049041700549423695]}, "gradients/model.5.weight": {"_type": "histogram", "values": [1.0, 0.0, 0.0, 0.0, 0.0, 1.0, 2.0, 122.0, 0.0, 0.0, 0.0, 0.0, 0.0, 0.0, 0.0, 0.0, 0.0, 0.0, 0.0, 0.0, 0.0, 0.0, 0.0, 0.0, 0.0, 0.0, 0.0, 0.0, 0.0, 0.0, 0.0, 0.0, 0.0, 1.0, 0.0, 0.0, 0.0, 0.0, 0.0, 0.0, 0.0, 0.0, 0.0, 0.0, 0.0, 0.0, 0.0, 0.0, 0.0, 0.0, 0.0, 0.0, 0.0, 0.0, 0.0, 0.0, 0.0, 0.0, 0.0, 0.0, 0.0, 0.0, 0.0, 1.0], "bins": [-0.0008819088106974959, -0.0007640736876055598, -0.0006462385063059628, -0.0005284033250063658, -0.00041056820191442966, -0.00029273307882249355, -0.00017489789752289653, -5.70627162232995e-05, 6.077240686863661e-05, 0.00017860755906440318, 0.00029644271126016974, 0.0004142778634559363, 0.0005321130156517029, 0.000649948138743639, 0.000767783320043236, 0.000885618501342833, 0.0010034536244347692, 0.0011212887475267053, 0.0012391239870339632, 0.0013569591101258993, 0.0014747942332178354, 0.0015926293563097715, 0.0017104644794017076, 0.0018282997189089656, 0.0019461348420009017, 0.0020639700815081596, 0.0021818052046000957, 0.002299640327692032, 0.002417475450783968, 0.002535310573875904, 0.00265314569696784, 0.0027709808200597763, 0.0028888159431517124, 0.0030066510662436485, 0.0031244861893355846, 0.0032423213124275208, 0.003360156435519457, 0.003477991558611393, 0.0035958269145339727, 0.003713662037625909, 0.003831497160717845, 0.003949332516640425, 0.004067167639732361, 0.004185002762824297, 0.004302837885916233, 0.004420673009008169, 0.004538508132100105, 0.004656343255192041, 0.0047741783782839775, 0.004892013501375914, 0.00500984862446785, 0.005127683747559786, 0.005245518870651722, 0.005363353993743658, 0.005481189116835594, 0.005599024705588818, 0.005716859363019466, 0.0058346944861114025, 0.005952529609203339, 0.006070364732295275, 0.006188199855387211, 0.006306034978479147, 0.006423870101571083, 0.0065417056903243065, 0.006659540813416243]}, "gradients/model.5.bias": {"_type": "histogram", "values": [1.0, 0.0, 0.0, 0.0, 0.0, 0.0, 0.0, 0.0, 0.0, 0.0, 0.0, 0.0, 0.0, 0.0, 0.0, 0.0, 0.0, 0.0, 0.0, 0.0, 0.0, 0.0, 0.0, 0.0, 0.0, 0.0, 0.0, 0.0, 0.0, 0.0, 0.0, 0.0, 0.0, 0.0, 0.0, 0.0, 0.0, 0.0, 0.0, 0.0, 0.0, 0.0, 0.0, 0.0, 0.0, 0.0, 0.0, 0.0, 0.0, 0.0, 0.0, 0.0, 0.0, 0.0, 0.0, 0.0, 0.0, 1.0, 125.0, 0.0, 0.0, 0.0, 0.0, 1.0], "bins": [-0.046877700835466385, -0.04607802629470825, -0.04527835175395012, -0.044478680938482285, -0.04367900639772415, -0.04287933185696602, -0.042079657316207886, -0.04127998277544975, -0.04048030823469162, -0.03968063369393349, -0.038880959153175354, -0.03808128833770752, -0.03728161379694939, -0.036481939256191254, -0.03568226471543312, -0.03488259017467499, -0.03408291935920715, -0.03328324481844902, -0.03248357027769089, -0.03168389946222305, -0.03088422492146492, -0.030084550380706787, -0.029284875839948654, -0.02848520129919052, -0.027685528621077538, -0.026885854080319405, -0.02608618140220642, -0.025286506861448288, -0.024486832320690155, -0.02368715964257717, -0.02288748510181904, -0.022087812423706055, -0.02128813974559307, -0.020488465204834938, -0.019688792526721954, -0.01888911798596382, -0.01808944344520569, -0.017289770767092705, -0.016490096226334572, -0.015690423548221588, -0.014890749007463455, -0.014091075398027897, -0.013291401788592339, -0.012491727247834206, -0.011692053638398647, -0.010892380028963089, -0.010092705488204956, -0.009293031878769398, -0.00849335826933384, -0.007693684659898281, -0.0068940105848014355, -0.00609433650970459, -0.0052946629002690315, -0.004494989290833473, -0.0036953152157366276, -0.002895641140639782, -0.0020959675312042236, -0.0012962936889380217, -0.0004966198466718197, 0.0003030539955943823, 0.0011027278378605843, 0.0019024014472961426, 0.002702075522392988, 0.003501749597489834, 0.004301423206925392]}, "gradients/model.4.bias": {"_type": "histogram",