{"val_loss": 4.44575198343955e-06, "val_acc_step": 1.0, "val_acc_epoch": 1.0, "epoch": 49, "trainer/global_step": 399, "_runtime": 75, "_timestamp": 1647264843, "_step": 107, "train_acc_epoch": 1.0, "train_loss": 1.1246410394960549e-05, "train_acc_step": 1.0, "gradients/linear.bias": {"_type": "histogram", "values": [1.0, 0.0, 0.0, 0.0, 0.0, 0.0, 0.0, 0.0, 0.0, 0.0, 0.0, 0.0, 0.0, 0.0, 0.0, 0.0, 0.0, 0.0, 0.0, 0.0, 0.0, 0.0, 0.0, 0.0, 0.0, 0.0, 0.0, 1.0, 0.0, 0.0, 1.0, 0.0, 0.0, 1.0, 0.0, 0.0, 0.0, 0.0, 0.0, 0.0, 0.0, 0.0, 0.0, 0.0, 2.0, 0.0, 1.0, 0.0, 2.0, 1.0, 0.0, 0.0, 0.0, 0.0, 0.0, 0.0, 0.0, 1.0, 0.0, 0.0, 0.0, 0.0, 1.0, 1.0], "bins": [-3.721695748026832e-06, -3.6347773857414722e-06, -3.547859250829788e-06, -3.460940888544428e-06, -3.374022753632744e-06, -3.287104391347384e-06, -3.2001862564356998e-06, -3.11326789415034e-06, -3.0263495318649802e-06, -2.9394311695796205e-06, -2.852513034667936e-06, -2.7655946723825764e-06, -2.678676537470892e-06, -2.5917581751855323e-06, -2.5048398129001725e-06, -2.4179216779884882e-06, -2.331003543076804e-06, -2.244085180791444e-06, -2.15716704587976e-06, -2.0702486835944e-06, -1.9833305486827157e-06, -1.896412186397356e-06, -1.809493937798834e-06, -1.722575689200312e-06, -1.6356573269149521e-06, -1.54873907831643e-06, -1.461820829717908e-06, -1.3749024674325483e-06, -1.2879842188340263e-06, -1.2010659702355042e-06, -1.1141477216369822e-06, -1.0272294730384601e-06, -9.403109970662626e-07, -8.533927484677406e-07, -7.664744430257997e-07, -6.795561944272777e-07, -5.926378889853368e-07, -5.057196403868147e-07, -4.188013917882927e-07, -3.318830863463518e-07, -2.4496483774782973e-07, -1.5804656072759826e-07, -7.11282979182215e-08, 1.578996489115525e-08, 1.0270824191138672e-07, 1.896265189316182e-07, 2.7654476753014023e-07, 3.6346307297208114e-07, 4.503813215706032e-07, 5.372995701691252e-07, 6.242178756110661e-07, 7.111361242095882e-07, 7.980544296515291e-07, 8.849726782500511e-07, 9.718909268485731e-07, 1.0588091754470952e-06, 1.145727537732455e-06, 1.232645786330977e-06, 1.319564034929499e-06, 1.4064823972148588e-06, 1.4934006458133808e-06, 1.5803188944119029e-06, 1.667237143010425e-06, 1.754155391608947e-06, 1.841073640207469e-06]}, "gradients/linear.weight": {"_type": "histogram", "values": [1.0, 0.0, 0.0, 0.0, 0.0, 0.0, 0.0, 0.0, 1.0, 0.0, 0.0, 0.0, 0.0, 1.0, 0.0, 0.0, 0.0, 1.0, 2.0, 1.0, 0.0, 0.0, 0.0, 1.0, 1.0, 0.0, 4.0, 0.0, 2.0, 0.0, 4.0, 2.0, 1.0, 2.0, 3.0, 1.0, 4.0, 6.0, 4.0, 10.0, 10.0, 11.0, 15.0, 33.0, 61.0, 1253.0, 93.0, 45.0, 20.0, 23.0, 13.0, 6.0, 8.0, 5.0, 5.0, 2.0, 1.0, 2.0, 1.0, 1.0, 1.0, 0.0, 1.0, 2.0], "bins": [-1.2921306733915117e-05, -1.2635415259865113e-05, -1.2349522876320407e-05, -1.2063631402270403e-05, -1.1777739928220399e-05, -1.1491847544675693e-05, -1.1205956070625689e-05, -1.0920064596575685e-05, -1.0634172213030979e-05, -1.0348280738980975e-05, -1.006238835543627e-05, -9.776496881386265e-06, -9.49060449784156e-06, -9.204713023791555e-06, -8.918821549741551e-06, -8.632929166196845e-06, -8.347037692146841e-06, -8.061146218096837e-06, -7.775253834552132e-06, -7.4893623605021276e-06, -7.203470431704773e-06, -6.917578502907418e-06, -6.631687028857414e-06, -6.345795100060059e-06, -6.059903171262704e-06, -5.774011242465349e-06, -5.488119313667994e-06, -5.20222783961799e-06, -4.916335910820635e-06, -4.63044398202328e-06, -4.344552507973276e-06, -4.058660579175921e-06, -3.7727681956312153e-06, -3.4868762668338604e-06, -3.200984565410181e-06, -2.9150928639865015e-06, -2.6292009351891465e-06, -2.3433090063917916e-06, -2.057417304968112e-06, -1.7715256035444327e-06, -1.4856336747470777e-06, -1.1997418596365605e-06, -9.138500445260433e-07, -6.279582294155261e-07, -3.4206641430500895e-07, -5.617459919449175e-08, 2.2971721591602545e-07, 5.156089173397049e-07, 8.015008461370599e-07, 1.087392661247577e-06, 1.3732844763580943e-06, 1.6591762914686115e-06, 1.9450681065791287e-06, 2.2309600353764836e-06, 2.516851736800163e-06, 2.8027434382238425e-06, 3.0886353670211975e-06, 3.3745272958185524e-06, 3.660418997242232e-06, 3.946310698665911e-06, 4.232202627463266e-06, 4.518094556260621e-06, 4.803986485057976e-06, 5.08987795910798e-06, 5.375769887905335e-06]}, "gradients/bn.weight": {"_type": "histogram", "values": [1.0, 0.0, 0.0, 0.0, 0.0, 0.0, 1.0, 1.0, 0.0, 0.0, 0.0, 0.0, 2.0, 0.0, 0.0, 0.0, 0.0, 0.0, 1.0, 1.0, 1.0, 2.0, 0.0, 0.0, 1.0, 0.0, 0.0, 1.0, 2.0, 0.0, 0.0, 2.0, 0.0, 1.0, 0.0, 1.0, 2.0, 1.0, 1.0, 0.0, 0.0, 0.0, 0.0, 1.0, 1.0, 1.0, 3.0, 3.0, 0.0, 1.0, 5.0, 2.0, 3.0, 1.0, 4.0, 8.0, 12.0, 12.0, 35.0, 7.0, 1.0, 3.0, 1.0, 2.0], "bins": [-6.374465101544047e-06, -6.266063337534433e-06, -6.15766157352482e-06, -6.049259809515206e-06, -5.9408585002529435e-06, -5.83245673624333e-06, -5.724054972233716e-06, -5.615653208224103e-06, -5.507251444214489e-06, -5.398849680204876e-06, -5.290447916195262e-06, -5.182046152185649e-06, -5.073644842923386e-06, -4.9652430789137725e-06, -4.856841314904159e-06, -4.748439550894545e-06, -4.640037786884932e-06, -4.531636022875318e-06, -4.423234258865705e-06, -4.314832494856091e-06, -4.2064311855938286e-06, -4.098029421584215e-06, -3.9896276575746015e-06, -3.881225893564988e-06, -3.77282435692905e-06, -3.6644225929194363e-06, -3.556021056283498e-06, -3.4476192922738846e-06, -3.339217528264271e-06, -3.2308157642546576e-06, -3.1224142276187195e-06, -3.014012463609106e-06, -2.905610472225817e-06, -2.7972087082162034e-06, -2.6888071715802653e-06, -2.5804054075706517e-06, -2.472003643561038e-06, -2.3636021069251e-06, -2.2552003429154865e-06, -2.146798578905873e-06, -2.038397042269935e-06, -1.9299952782603214e-06, -1.8215936279375455e-06, -1.7131919776147697e-06, -1.6047902136051562e-06, -1.4963885632823803e-06, -1.3879869129596045e-06, -1.279585148949991e-06, -1.1711833849403774e-06, -1.0627817346176016e-06, -9.54379970607988e-07, -8.459783202852122e-07, -7.375765562755987e-07, -6.291749059528229e-07, -5.207731987866282e-07, -4.123714916204335e-07, -3.0396978445423883e-07, -1.9556807728804415e-07, -8.716638433270418e-08, 2.1235308622635785e-08, 1.2963701578883047e-07, 2.3803869453331572e-07, 3.464404016995104e-07, 4.548421088657051e-07, 5.632438160318998e-07]}, "gradients/bn.bias": {"_type": "histogram", "values": [1.0, 0.0, 0.0, 1.0, 0.0, 0.0, 1.0, 0.0, 0.0, 1.0, 2.0, 1.0, 1.0, 0.0, 0.0, 0.0, 2.0, 1.0, 1.0, 0.0, 1.0, 1.0, 1.0, 2.0, 1.0, 2.0, 0.0, 1.0, 0.0, 1.0, 2.0, 1.0, 1.0, 3.0, 2.0, 2.0, 0.0, 3.0, 3.0, 3.0, 2.0, 1.0, 7.0, 4.0, 12.0, 8.0, 7.0, 28.0, 4.0, 0.0, 2.0, 2.0, 3.0, 0.0, 1.0, 1.0, 1.0, 0.0, 0.0, 1.0, 0.0, 0.0, 1.0, 1.0],