{"val_loss": 24.078454971313477, "val_acc_step": 0.5197628736495972, "val_acc_epoch": 0.5197628736495972, "epoch": 49, "trainer/global_step": 399, "_runtime": 17, "_timestamp": 1647264635, "_step": 107, "train_acc_epoch": 0.9960474371910095, "train_loss": 0.020940540358424187, "train_acc_step": 0.982758641242981, "gradients/linear.bias": {"_type": "histogram", "values": [1.0, 0.0, 0.0, 0.0, 0.0, 0.0, 0.0, 0.0, 0.0, 0.0, 0.0, 0.0, 0.0, 0.0, 0.0, 0.0, 0.0, 0.0, 0.0, 0.0, 0.0, 0.0, 0.0, 0.0, 0.0, 0.0, 0.0, 0.0, 1.0, 0.0, 0.0, 0.0, 8.0, 0.0, 1.0, 0.0, 0.0, 1.0, 0.0, 0.0, 0.0, 0.0, 0.0, 0.0, 0.0, 0.0, 0.0, 0.0, 0.0, 0.0, 0.0, 0.0, 0.0, 0.0, 0.0, 0.0, 0.0, 0.0, 0.0, 0.0, 0.0, 0.0, 0.0, 1.0], "bins": [-0.011549688875675201, -0.01119778398424387, -0.010845878161489964, -0.010493973270058632, -0.010142067447304726, -0.009790162555873394, -0.009438257664442062, -0.009086351841688156, -0.00873444601893425, -0.008382541127502918, -0.008030635304749012, -0.00767873041331768, -0.007326824590563774, -0.0069749196991324425, -0.0066230143420398235, -0.006271108984947205, -0.005919204093515873, -0.005567298736423254, -0.005215393379330635, -0.0048634884878993034, -0.004511582665145397, -0.0041596777737140656, -0.0038077724166214466, -0.0034558670595288277, -0.0031039617024362087, -0.0027520563453435898, -0.002400150988250971, -0.0020482458639889956, -0.0016963405068963766, -0.0013444351498037577, -0.0009925300255417824, -0.0006406246684491634, -0.0002887193113565445, 6.318598752841353e-05, 0.00041509128641337156, 0.0007669965270906687, 0.0011189018841832876, 0.0014708072412759066, 0.0018227123655378819, 0.002174617722630501, 0.0025265230797231197, 0.0028784284368157387, 0.0032303337939083576, 0.003582238918170333, 0.003934144042432308, 0.0042860498651862144, 0.004637954756617546, 0.004989860113710165, 0.005341765470802784, 0.005693670827895403, 0.006045576184988022, 0.0063974810764193535, 0.00674938689917326, 0.007101291790604591, 0.00745319714769721, 0.007805102504789829, 0.008157007396221161, 0.008508912287652493, 0.008860818110406399, 0.00921272300183773, 0.009564628824591637, 0.009916533716022968, 0.0102684386074543, 0.010620344430208206, 0.010972250252962112]}, "gradients/linear.weight": {"_type": "histogram", "values": [1.0, 0.0, 1.0, 0.0, 0.0, 0.0, 0.0, 0.0, 0.0, 0.0, 0.0, 0.0, 0.0, 1.0, 0.0, 0.0, 1.0, 4.0, 1.0, 0.0, 1.0, 1.0, 1.0, 3.0, 1.0, 1.0, 3.0, 3.0, 1.0, 4.0, 6.0, 6.0, 1550.0, 34.0, 7.0, 7.0, 3.0, 2.0, 4.0, 1.0, 0.0, 2.0, 3.0, 1.0, 1.0, 0.0, 1.0, 4.0, 1.0, 0.0, 0.0, 1.0, 0.0, 0.0, 0.0, 0.0, 0.0, 0.0, 0.0, 0.0, 0.0, 1.0, 0.0, 1.0], "bins": [-0.028782067820429802, -0.027906367555260658, -0.027030667290091515, -0.02615496702492237, -0.025279266759753227, -0.024403566494584084, -0.02352786622941494, -0.022652165964245796, -0.021776465699076653, -0.02090076543390751, -0.020025065168738365, -0.01914936490356922, -0.018273664638400078, -0.017397964373230934, -0.01652226410806179, -0.015646563842892647, -0.014770863577723503, -0.01389516331255436, -0.013019463047385216, -0.012143762782216072, -0.011268062517046928, -0.010392362251877785, -0.009516661986708641, -0.008640961721539497, -0.007765261456370354, -0.00688956119120121, -0.006013860926032066, -0.005138160660862923, -0.004262460395693779, -0.0033867601305246353, -0.0025110598653554916, -0.001635359600186348, -0.000759657472372055, 0.00011604279279708862, 0.0009917430579662323, 0.001867443323135376, 0.0027431435883045197, 0.0036188438534736633, 0.004494544118642807, 0.005370244383811951, 0.006245944648981094, 0.007121644914150238, 0.007997345179319382, 0.008873045444488525, 0.009748745709657669, 0.010624445974826813, 0.011500146239995956, 0.0123758465051651, 0.013251546770334244, 0.014127247035503387, 0.015002947300672531, 0.015878647565841675, 0.01675434783101082, 0.017630048096179962, 0.018505748361349106, 0.01938144862651825, 0.020257148891687393, 0.021132849156856537, 0.02200854942202568, 0.022884249687194824, 0.023759949952363968, 0.02463565021753311, 0.025511350482702255, 0.0263870507478714, 0.027262751013040543]}, "gradients/bn.weight": {"_type": "histogram", "values": [2.0, 0.0, 1.0, 0.0, 0.0, 1.0, 1.0, 1.0, 1.0, 0.0, 0.0, 0.0, 1.0, 5.0, 1.0, 2.0, 4.0, 0.0, 90.0, 3.0, 2.0, 1.0, 0.0, 0.0, 0.0, 1.0, 1.0, 0.0, 2.0, 1.0, 0.0, 0.0, 2.0, 0.0, 0.0, 0.0, 0.0, 0.0, 0.0, 1.0, 2.0, 0.0, 0.0, 0.0, 0.0, 0.0, 1.0, 0.0, 0.0, 0.0, 0.0, 0.0, 0.0, 0.0, 0.0, 0.0, 0.0, 0.0, 0.0, 0.0, 0.0, 0.0, 0.0, 1.0], "bins": [-0.007021190598607063, -0.006637623067945242, -0.006254056002944708, -0.0058704884722828865, -0.005486920941621065, -0.005103353410959244, -0.00471978634595871, -0.004336218815296888, -0.003952651284635067, -0.0035690839868038893, -0.003185516456142068, -0.00280194915831089, -0.002418381627649069, -0.002034814329817891, -0.0016512470319867134, -0.001267679501324892, -0.000884112436324358, -0.0005005450220778584, -0.00011697766603901982, 0.0002665896899998188, 0.0006501571042463183, 0.0010337245184928179, 0.0014172918163239956, 0.001800859346985817, 0.0021844266448169947, 0.0025679939426481724, 0.0029515614733099937, 0.0033351287711411715, 0.003718696068972349, 0.0041022635996341705, 0.004485830664634705, 0.004869398660957813, 0.005252965725958347, 0.005636533256620169, 0.006020100321620703, 0.006403667852282524, 0.0067872353829443455, 0.007170802913606167, 0.007554369978606701, 0.00793793797492981, 0.008321505039930344, 0.008705072104930878, 0.009088640101253986, 0.00947220716625452, 0.009855774231255054, 0.010239342227578163, 0.010622909292578697, 0.011006476357579231, 0.011390043422579765, 0.0117736104875803, 0.012157178483903408, 0.012540745548903942, 0.012924312613904476, 0.013307880610227585, 0.013691447675228119, 0.014075014740228653, 0.014458582736551762, 0.014842149801552296, 0.015225717797875404, 0.015609284862875938, 0.015992851927876472, 0.016376418992877007, 0.01675998792052269, 0.017143554985523224, 0.017527122050523758]}, "gradients/bn.bias": {"_type": "histogram", "values": [2.0, 0.0, 0.0, 0.0, 0.0, 0.0, 1.0, 1.0, 0.0, 1.0, 2.0, 0.0, 0.0, 0.0, 0.0, 0.0, 0.0, 1.0, 0.0, 0.0, 1.0, 1.0, 0.0, 0.0, 1.0, 1.0, 1.0, 1.0, 1.0, 2.0, 2.0, 1.0, 89.0, 1.0, 2.0, 1.0, 1.0, 2.0, 0.0, 1.0, 1.0, 2.0, 0.0, 1.0, 0.0, 0.0, 2.0, 0.0, 1.0, 0.0, 1.0, 1.0, 0.0, 1.0, 0.0, 0.0, 0.0, 0.0, 0.0, 0.0, 0.0, 0.0, 0.0, 1.0], "bins": [-0.02257724665105343, -0.02188917063176632, -0.02120109647512436, -0.02051302045583725, -0.01982494629919529, -0.01913687027990818, -0.01844879612326622, -0.01776072010397911, -0.017072644084692, -0.016384568065404892, -0.015696493908762932, -0.015008417889475822, -0.014320343732833862, -0.013632267713546753, -0.012944192625582218, -0.012256117537617683, -0.011568043380975723, -0.010879968293011189, -0.010191893205046654, -0.009503817185759544, -0.008815743029117584, -0.008127667009830475, -0.00743959192186594, -0.006751516833901405, -0.006063441745936871, -0.005375366657972336, -0.004687291570007801, -0.003999216016381979, -0.0033111409284174442, -0.0026230658404529095, -0.0019349902868270874, -0.0012469151988625526, -0.0005588419735431671, 0.00012923323083668947, 0.0008173084352165461, 0.0015053837560117245, 0.0021934588439762592, 0.002881533931940794, 0.003569609485566616, 0.004257684573531151, 0.004945759661495686, 0.00563383474946022, 0.006321909837424755, 0.007009985391050577, 0.007698060479015112, 0.00838613510131836, 0.009074211120605469, 0.009762286208570004, 0.010450361296534538, 0.011138436384499073, 0.011826511472463608, 0.012514587491750717, 0.013202661648392677, 0.013890737667679787, 0.014578812755644321, 0.015266887843608856, 0.015954963862895966, 0.016643039882183075, 0.017331114038825035, 0.018019190058112144, 0.018707264214754105, 0.019395340234041214, 0.020083416253328323, 0.020771490409970284, 0.021459564566612244]}, "gradients/hidden.bias": {"_type": "histogram",