{"val_loss": 3.807341499850736e-06, "val_acc_step": 1.0, "val_acc_epoch": 1.0, "epoch": 49, "trainer/global_step": 399, "_runtime": 95, "_timestamp": 1647264948, "_step": 107, "train_acc_epoch": 1.0, "train_loss": 8.590935976826586e-06, "train_acc_step": 1.0, "gradients/linear.bias": {"_type": "histogram", "values": [1.0, 1.0, 0.0, 0.0, 0.0, 0.0, 0.0, 0.0, 0.0, 0.0, 0.0, 0.0, 0.0, 0.0, 0.0, 0.0, 0.0, 0.0, 0.0, 1.0, 0.0, 0.0, 0.0, 0.0, 0.0, 1.0, 0.0, 0.0, 1.0, 0.0, 0.0, 0.0, 1.0, 3.0, 0.0, 0.0, 0.0, 0.0, 0.0, 0.0, 0.0, 0.0, 0.0, 1.0, 1.0, 0.0, 1.0, 0.0, 0.0, 0.0, 0.0, 0.0, 0.0, 0.0, 0.0, 0.0, 0.0, 0.0, 0.0, 0.0, 0.0, 0.0, 0.0, 1.0], "bins": [-2.199094751631492e-06, -2.1282521629473194e-06, -2.057409574263147e-06, -1.9865669855789747e-06, -1.9157243968948023e-06, -1.84488180821063e-06, -1.7740392195264576e-06, -1.7031966308422852e-06, -1.6323540421581129e-06, -1.5615114534739405e-06, -1.4906688647897681e-06, -1.4198262761055958e-06, -1.3489836874214234e-06, -1.278141098737251e-06, -1.2072985100530786e-06, -1.1364559213689063e-06, -1.0656132189978962e-06, -9.947706303137238e-07, -9.239280416295514e-07, -8.530854529453791e-07, -7.822428642612067e-07, -7.114002755770343e-07, -6.405576300494431e-07, -5.697150413652707e-07, -4.988724526810984e-07, -4.28029863996926e-07, -3.5718727531275363e-07, -2.8634465820687183e-07, -2.1550206952269946e-07, -1.446594808385271e-07, -7.381686373264529e-08, -2.9742750484729186e-09, 6.786831363569945e-08, 1.3871090231987182e-07, 2.095535052148989e-07, 2.80396108109926e-07, 3.5123869679409836e-07, 4.2208128547827073e-07, 4.929239025841525e-07, 5.637664912683249e-07, 6.346090799524973e-07, 7.054516686366696e-07, 7.76294257320842e-07, 8.471369028484332e-07, 9.179794915326056e-07, 9.88822080216778e-07, 1.0596646689009503e-06, 1.1305072575851227e-06, 1.201349846269295e-06, 1.2721924349534675e-06, 1.3430350236376398e-06, 1.4138776123218122e-06, 1.4847202010059846e-06, 1.555562789690157e-06, 1.626405492061167e-06, 1.6972480807453394e-06, 1.7680906694295118e-06, 1.8389332581136841e-06, 1.9097758467978565e-06, 1.980618435482029e-06, 2.0514610241662012e-06, 2.1223036128503736e-06, 2.193146201534546e-06, 2.2639887902187183e-06, 2.3348313789028907e-06]}, "gradients/linear.weight": {"_type": "histogram", "values": [1.0, 0.0, 0.0, 0.0, 0.0, 2.0, 0.0, 0.0, 1.0, 1.0, 1.0, 4.0, 0.0, 3.0, 0.0, 0.0, 1.0, 0.0, 1.0, 1.0, 1.0, 1.0, 0.0, 1.0, 1.0, 1.0, 1.0, 3.0, 5.0, 6.0, 5.0, 12.0, 19.0, 19.0, 35.0, 106.0, 1194.0, 101.0, 56.0, 33.0, 16.0, 11.0, 7.0, 3.0, 1.0, 1.0, 1.0, 0.0, 1.0, 1.0, 2.0, 1.0, 1.0, 0.0, 0.0, 0.0, 0.0, 0.0, 0.0, 1.0, 0.0, 0.0, 0.0, 1.0], "bins": [-8.417857316089794e-06, -8.184607395378407e-06, -7.95135747466702e-06, -7.718107553955633e-06, -7.484857633244246e-06, -7.251607712532859e-06, -7.018358246568823e-06, -6.785108325857436e-06, -6.551858405146049e-06, -6.318608484434662e-06, -6.0853585637232754e-06, -5.8521086430118885e-06, -5.6188591770478524e-06, -5.3856092563364655e-06, -5.1523593356250785e-06, -4.919109414913692e-06, -4.685859494202305e-06, -4.452609573490918e-06, -4.219359652779531e-06, -3.986109732068144e-06, -3.7528600387304323e-06, -3.5196101180190453e-06, -3.286360424681334e-06, -3.053110503969947e-06, -2.81986058325856e-06, -2.586610662547173e-06, -2.353360741835786e-06, -2.1201110484980745e-06, -1.8868611277866876e-06, -1.6536112070753006e-06, -1.4203614000507514e-06, -1.1871115930262022e-06, -9.538616723148152e-07, -7.206118084468471e-07, -4.87361944578879e-07, -2.5411208071091096e-07, -2.086221684294287e-08, 2.1238770386844408e-07, 4.456375108929933e-07, 6.788873179175425e-07, 9.121372386289295e-07, 1.1453871593403164e-06, 1.3786369663648657e-06, 1.6118867733894149e-06, 1.8451366941008018e-06, 2.0783866148121888e-06, 2.3116363081499003e-06, 2.5448862288612872e-06, 2.778136149572674e-06, 3.011386070284061e-06, 3.244635990995448e-06, 3.4778856843331596e-06, 3.7111356050445465e-06, 3.944385753129609e-06, 4.177635219093645e-06, 4.410885139805032e-06, 4.644135060516419e-06, 4.877384981227806e-06, 5.110634901939193e-06, 5.34388482265058e-06, 5.577134288614616e-06, 5.810384209326003e-06, 6.04363413003739e-06, 6.276884050748777e-06, 6.510133971460164e-06]}, "gradients/bn.weight": {"_type": "histogram", "values": [1.0, 0.0, 0.0, 0.0, 0.0, 1.0, 1.0, 1.0, 0.0, 0.0, 0.0, 0.0, 0.0, 0.0, 0.0, 0.0, 0.0, 0.0, 1.0, 0.0, 1.0, 1.0, 2.0, 0.0, 0.0, 0.0, 1.0, 1.0, 0.0, 0.0, 0.0, 1.0, 0.0, 1.0, 1.0, 2.0, 0.0, 0.0, 1.0, 2.0, 2.0, 5.0, 3.0, 6.0, 5.0, 7.0, 8.0, 9.0, 14.0, 37.0, 4.0, 4.0, 1.0, 1.0, 2.0, 0.0, 0.0, 0.0, 0.0, 0.0, 0.0, 0.0, 0.0, 1.0], "bins": [-6.100181508372771e-06, -5.977814453217434e-06, -5.855447852809448e-06, -5.733080797654111e-06, -5.610713742498774e-06, -5.488346687343437e-06, -5.365980086935451e-06, -5.243613031780114e-06, -5.1212464313721284e-06, -4.9988793762167916e-06, -4.876512775808806e-06, -4.754145720653469e-06, -4.631778665498132e-06, -4.509412065090146e-06, -4.387045009934809e-06, -4.264677954779472e-06, -4.142310899624135e-06, -4.0199438444687985e-06, -3.8975772440608125e-06, -3.7752101889054757e-06, -3.652843133750139e-06, -3.5304763059684774e-06, -3.408109478186816e-06, -3.285742423031479e-06, -3.1633755952498177e-06, -3.0410087674681563e-06, -2.9186417123128194e-06, -2.796274884531158e-06, -2.6739080567494966e-06, -2.5515410015941598e-06, -2.4291741738124983e-06, -2.306807346030837e-06, -2.184439836128149e-06, -2.0620730083464878e-06, -1.939705953191151e-06, -1.8173391254094895e-06, -1.6949721839409904e-06, -1.5726052424724912e-06, -1.4502384146908298e-06, -1.3278714732223307e-06, -1.2055045317538315e-06, -1.0831375902853324e-06, -9.607706488168333e-07, -8.384038210351719e-07, -7.160368795666727e-07, -5.936699380981736e-07, -4.713030534730933e-07, -3.4893616884801304e-07, -2.265692273795139e-07, -1.042023143327242e-07, 1.8164598714065505e-08, 1.405315117608552e-07, 2.628984248076449e-07, 3.8526536627614405e-07, 5.076322509012243e-07, 6.299991355263046e-07, 7.523660769948037e-07, 8.747330184633029e-07, 9.97099959931802e-07, 1.1194667877134634e-06, 1.2418337291819626e-06, 1.3642006706504617e-06, 1.486567498432123e-06, 1.6089344399006222e-06, 1.7313013813691214e-06]}, "gradients/bn.bias": {"_type": "histogram", "values": [1.0, 0.0, 0.0, 0.0, 1.0, 0.0, 1.0, 1.0, 0.0, 0.0, 0.0, 0.0, 0.0, 0.0, 1.0, 0.0, 0.0, 0.0, 1.0, 3.0, 2.0, 1.0, 0.0, 1.0, 1.0, 0.0, 1.0, 0.0, 1.0, 2.0, 2.0, 2.0, 3.0, 4.0, 3.0, 1.0, 8.0, 7.0, 7.0, 15.0, 17.0, 27.0, 5.0, 1.0, 1.0, 0.0, 0.0, 1.0, 1.0, 0.0, 1.0, 1.0, 0.0, 0.0, 0.0, 1.0, 0.0, 0.0, 0.0, 1.0, 0.0, 0.0, 0.0, 1.0],