{"val_loss": 0.00766119034960866, "val_acc_step": 1.0, "val_acc_epoch": 1.0, "epoch": 49, "trainer/global_step": 399, "_runtime": 69, "_timestamp": 1647265202, "_step": 107, "train_acc_epoch": 0.9624505639076233, "train_loss": 0.1366044133901596, "train_acc_step": 0.9482758641242981, "gradients/model.8.bias": {"_type": "histogram", "values": [1.0, 0.0, 1.0, 0.0, 0.0, 0.0, 0.0, 0.0, 0.0, 0.0, 0.0, 0.0, 0.0, 0.0, 0.0, 0.0, 0.0, 0.0, 0.0, 0.0, 0.0, 2.0, 0.0, 0.0, 0.0, 0.0, 0.0, 0.0, 0.0, 0.0, 1.0, 0.0, 0.0, 0.0, 1.0, 0.0, 0.0, 1.0, 1.0, 0.0, 1.0, 1.0, 0.0, 1.0, 0.0, 0.0, 1.0, 0.0, 0.0, 0.0, 0.0, 0.0, 0.0, 0.0, 0.0, 0.0, 0.0, 0.0, 0.0, 0.0, 0.0, 0.0, 0.0, 1.0], "bins": [-0.017957743257284164, -0.017406098544597626, -0.016854451969265938, -0.0163028072565794, -0.01575116068124771, -0.015199515968561172, -0.01464787032455206, -0.014096224680542946, -0.013544579036533833, -0.01299293339252472, -0.012441287748515606, -0.011889642104506493, -0.011337997391819954, -0.010786350816488266, -0.010234706103801727, -0.009683060459792614, -0.0091314148157835, -0.008579769171774387, -0.008028123527765274, -0.007476478349417448, -0.006924832705408335, -0.006373187061399221, -0.005821541883051395, -0.005269896239042282, -0.004718250595033169, -0.0041666049510240555, -0.003614959539845586, -0.003063314128667116, -0.002511668484658003, -0.0019600228406488895, -0.0014083774294704199, -0.0008567320182919502, -0.00030508823692798615, 0.00024655729066580534, 0.0007982028182595968, 0.0013498483458533883, 0.0019014938734471798, 0.002453139517456293, 0.0030047849286347628, 0.0035564303398132324, 0.004108075983822346, 0.004659721627831459, 0.005211367271840572, 0.005763012450188398, 0.006314658094197512, 0.006866303738206625, 0.007417948916554451, 0.007969594560563564, 0.008521240204572678, 0.009072885848581791, 0.009624531492590904, 0.010176177136600018, 0.01072782278060913, 0.01127946749329567, 0.011831113137304783, 0.012382758781313896, 0.01293440442532301, 0.013486050069332123, 0.014037695713341236, 0.01458934135735035, 0.015140986070036888, 0.015692632645368576, 0.016244277358055115, 0.016795922070741653, 0.01734756864607334]}, "gradients/model.8.weight": {"_type": "histogram", "values": [1.0, 0.0, 0.0, 0.0, 0.0, 0.0, 1.0, 1.0, 0.0, 0.0, 1.0, 0.0, 0.0, 1.0, 0.0, 1.0, 1.0, 0.0, 1.0, 1.0, 0.0, 1.0, 0.0, 0.0, 0.0, 3.0, 2.0, 4.0, 6.0, 5.0, 5.0, 1515.0, 78.0, 8.0, 9.0, 4.0, 4.0, 0.0, 1.0, 0.0, 0.0, 1.0, 0.0, 0.0, 2.0, 0.0, 1.0, 0.0, 1.0, 0.0, 0.0, 1.0, 0.0, 1.0, 0.0, 0.0, 1.0, 0.0, 1.0, 0.0, 0.0, 0.0, 0.0, 1.0], "bins": [-0.08837646245956421, -0.08561194688081741, -0.08284743130207062, -0.08008291572332382, -0.07731840014457703, -0.07455388456583023, -0.07178936898708344, -0.06902484595775604, -0.06626033782958984, -0.06349582225084305, -0.06073130667209625, -0.05796679109334946, -0.05520227551460266, -0.052437759935855865, -0.04967324063181877, -0.046908725053071976, -0.04414420574903488, -0.041379690170288086, -0.03861517459154129, -0.035850659012794495, -0.0330861434340477, -0.030321625992655754, -0.02755710855126381, -0.024792592972517014, -0.022028077393770218, -0.019263561815023422, -0.016499046236276627, -0.013734528794884682, -0.010970013216137886, -0.00820549763739109, -0.0054409801959991455, -0.00267646461725235, 8.805841207504272e-05, 0.0028525744564831257, 0.005617090500891209, 0.008381607010960579, 0.011146122589707375, 0.01391063816845417, 0.016675155609846115, 0.01943967118859291, 0.022204186767339706, 0.024968702346086502, 0.027733217924833298, 0.030497735366225243, 0.03326225280761719, 0.03602676838636398, 0.03879128396511078, 0.041555799543857574, 0.04432031512260437, 0.047084830701351166, 0.04984934628009796, 0.05261386185884476, 0.05537837743759155, 0.05814289301633835, 0.06090741232037544, 0.06367193162441254, 0.06643643975257874, 0.06920095533132553, 0.07196547091007233, 0.07472998648881912, 0.07749450206756592, 0.08025901764631271, 0.08302353322505951, 0.0857880562543869, 0.0885525718331337]}, "gradients/model.5.weight": {"_type": "histogram", "values": [1.0, 0.0, 0.0, 0.0, 0.0, 0.0, 0.0, 0.0, 0.0, 0.0, 0.0, 0.0, 1.0, 0.0, 0.0, 1.0, 0.0, 0.0, 1.0, 0.0, 0.0, 0.0, 1.0, 1.0, 2.0, 0.0, 1.0, 0.0, 3.0, 2.0, 0.0, 4.0, 7.0, 91.0, 1.0, 0.0, 0.0, 1.0, 1.0, 1.0, 0.0, 1.0, 1.0, 1.0, 0.0, 1.0, 1.0, 1.0, 1.0, 0.0, 0.0, 0.0, 0.0, 0.0, 0.0, 0.0, 0.0, 0.0, 0.0, 0.0, 0.0, 0.0, 0.0, 1.0], "bins": [-0.06454417109489441, -0.06260959059000015, -0.060675013810396194, -0.058740437030792236, -0.05680586025118828, -0.05487128347158432, -0.052936702966690063, -0.051002126187086105, -0.04906754940748215, -0.04713297262787819, -0.04519839212298393, -0.043263815343379974, -0.041329238563776016, -0.03939466178417206, -0.0374600812792778, -0.03552550449967384, -0.03359092399477959, -0.03165634721517563, -0.02972176857292652, -0.027787189930677414, -0.025852613151073456, -0.02391803450882435, -0.02198345586657524, -0.020048879086971283, -0.018114300444722176, -0.016179721802473068, -0.01424514502286911, -0.012310566380620003, -0.01037598866969347, -0.008441410958766937, -0.00650683231651783, -0.004572254605591297, -0.0026376768946647644, -0.000703098950907588, 0.0012314789928495884, 0.0031660571694374084, 0.005100634880363941, 0.007035212591290474, 0.008969791233539581, 0.010904368944466114, 0.012838946655392647, 0.01477352436631918, 0.016708102077245712, 0.01864268071949482, 0.020577259361743927, 0.022511836141347885, 0.024446414783596992, 0.0263809934258461, 0.028315570205450058, 0.030250148847699165, 0.03218472748994827, 0.03411930426955223, 0.03605388104915619, 0.037988461554050446, 0.039923038333654404, 0.04185761511325836, 0.04379219561815262, 0.04572677239775658, 0.04766135290265083, 0.04959592968225479, 0.05153050646185875, 0.05346508324146271, 0.055399663746356964, 0.05733424052596092, 0.05926881730556488]}, "gradients/model.5.bias": {"_type": "histogram", "values": [1.0, 0.0, 0.0, 0.0, 0.0, 0.0, 0.0, 0.0, 0.0, 0.0, 0.0, 0.0, 0.0, 0.0, 0.0, 0.0, 0.0, 0.0, 0.0, 0.0, 0.0, 0.0, 1.0, 3.0, 0.0, 2.0, 1.0, 2.0, 0.0, 0.0, 0.0, 1.0, 1.0, 3.0, 7.0, 89.0, 0.0, 1.0, 2.0, 0.0, 2.0, 1.0, 3.0, 1.0, 1.0, 1.0, 1.0, 0.0, 0.0, 0.0, 1.0, 0.0, 1.0, 0.0, 0.0, 0.0, 0.0, 1.0, 0.0, 0.0, 0.0, 0.0, 0.0, 1.0], "bins": [-0.08635614812374115, -0.08393201231956482, -0.08150787651538849, -0.07908374071121216, -0.07665960490703583, -0.0742354691028595, -0.07181133329868317, -0.06938719749450684, -0.0669630616903305, -0.06453892588615417, -0.062114790081977844, -0.059690654277801514, -0.05726651847362518, -0.05484238266944885, -0.05241825059056282, -0.04999411478638649, -0.04756998270750046, -0.04514584690332413, -0.0427217110991478, -0.040297575294971466, -0.037873439490795135, -0.035449303686618805, -0.03302517160773277, -0.030601035803556442, -0.02817689999938011, -0.02575276419520378, -0.02332862839102745, -0.02090449444949627, -0.01848035864531994, -0.016056222841143608, -0.013632087968289852, -0.011207953095436096, -0.008783817291259766, -0.006359681952744722, -0.003935546614229679, -0.0015114112757146358, 0.0009127240628004074, 0.003336859866976738, 0.005760994739830494, 0.00818512961268425, 0.01060926541686058, 0.013033401221036911, 0.015457536093890667, 0.017881670966744423, 0.020305806770920753, 0.022729942575097084, 0.025154076516628265, 0.027578212320804596, 0.030002348124980927, 0.03242648392915726, 0.03485061973333359, 0.03727475553750992, 0.03969889134168625, 0.04212302714586258, 0.04454715922474861, 0.04697129502892494, 0.04939543083310127, 0.0518195666372776, 0.054243702441453934, 0.056667838245630264, 0.059091970324516296, 0.06151610612869263, 0.06394024193286896, 0.06636437773704529, 0.06878851354122162]}, "gradients/model.4.bias": {"_type": "histogram", "values": [1.0, 0.0, 0.0, 0.0, 0.0, 0.0, 0.0, 0.0, 0.0, 0.0, 0.0, 0.0, 0.0, 0.0, 0.0, 0.0, 0.0, 0.0, 0.0, 1.0, 1.0, 0.0, 1.0, 0.0, 0.0, 1.0, 0.0, 0.0, 0.0, 0.0, 4.0, 9.0, 101.0, 3.0, 0.0, 3.0, 0.0, 0.0, 1.0, 0.0, 1.0, 0.0, 0.0, 0.0, 0.0, 0.0, 0.0, 0.0, 0.0, 0.0, 0.0, 0.0, 0.0, 0.0, 0.0, 0.0, 0.0, 0.0, 0.0, 0.0, 0.0, 0.0, 0.0, 1.0],