{"val_loss": 0.08349740505218506, "val_acc_step": 0.9683794379234314, "val_acc_epoch": 0.9683794379234314, "epoch": 49, "trainer/global_step": 399, "_runtime": 13, "_timestamp": 1647265035, "_step": 107, "train_acc_epoch": 0.9328063130378723, "train_loss": 0.25056517124176025, "train_acc_step": 0.9137930870056152, "gradients/model.8.bias": {"_type": "histogram", "values": [1.0, 0.0, 0.0, 0.0, 0.0, 0.0, 0.0, 0.0, 0.0, 0.0, 0.0, 0.0, 1.0, 0.0, 0.0, 0.0, 0.0, 0.0, 0.0, 0.0, 0.0, 0.0, 0.0, 0.0, 0.0, 0.0, 0.0, 0.0, 0.0, 0.0, 0.0, 6.0, 1.0, 2.0, 0.0, 0.0, 0.0, 0.0, 1.0, 0.0, 0.0, 0.0, 0.0, 0.0, 0.0, 0.0, 0.0, 0.0, 0.0, 0.0, 0.0, 0.0, 0.0, 0.0, 0.0, 0.0, 0.0, 0.0, 0.0, 0.0, 0.0, 0.0, 0.0, 1.0], "bins": [-0.03736238181591034, -0.036157723516225815, -0.03495306521654129, -0.03374840319156647, -0.03254374489188194, -0.03133908659219742, -0.030134428292512894, -0.02892976999282837, -0.027725109830498695, -0.02652045153081417, -0.025315791368484497, -0.024111133068799973, -0.022906474769115448, -0.021701814606785774, -0.02049715630710125, -0.019292496144771576, -0.01808783784508705, -0.016883179545402527, -0.015678519383072853, -0.014473861083388329, -0.01326920185238123, -0.01206454262137413, -0.010859884321689606, -0.009655225090682507, -0.008450565859675407, -0.007245906628668308, -0.006041247863322496, -0.004836589097976685, -0.0036319298669695854, -0.0024272706359624863, -0.0012226118706166744, -1.795310527086258e-05, 0.0011867024004459381, 0.0023913613986223936, 0.003596020396798849, 0.004800679162144661, 0.00600533839315176, 0.007209997624158859, 0.008414655923843384, 0.009619315154850483, 0.010823974385857582, 0.012028633616864681, 0.01323329284787178, 0.014437951147556305, 0.01564260944724083, 0.016847269609570503, 0.018051927909255028, 0.0192565880715847, 0.020461246371269226, 0.02166590467095375, 0.022870564833283424, 0.02407522313296795, 0.025279883295297623, 0.026484541594982147, 0.027689199894666672, 0.028893858194351196, 0.03009851835668087, 0.031303178519010544, 0.03250783681869507, 0.03371249511837959, 0.03491715341806412, 0.03612181544303894, 0.037326473742723465, 0.03853113204240799, 0.039735790342092514]}, "gradients/model.8.weight": {"_type": "histogram", "values": [2.0, 0.0, 0.0, 0.0, 0.0, 0.0, 0.0, 0.0, 1.0, 0.0, 0.0, 0.0, 0.0, 0.0, 0.0, 0.0, 1.0, 0.0, 0.0, 0.0, 0.0, 0.0, 0.0, 0.0, 3.0, 0.0, 2.0, 1.0, 3.0, 2.0, 3.0, 8.0, 1614.0, 6.0, 4.0, 2.0, 2.0, 2.0, 3.0, 0.0, 0.0, 0.0, 0.0, 0.0, 1.0, 2.0, 0.0, 0.0, 0.0, 0.0, 0.0, 0.0, 0.0, 0.0, 0.0, 0.0, 0.0, 0.0, 0.0, 0.0, 0.0, 0.0, 0.0, 2.0], "bins": [-0.09137871116399765, -0.08854811638593674, -0.08571751415729523, -0.08288691937923431, -0.0800563246011734, -0.07722572982311249, -0.07439513504505157, -0.07156453281641006, -0.06873393803834915, -0.06590334326028824, -0.06307274103164673, -0.060242146253585815, -0.0574115514755249, -0.05458095669746399, -0.05175035819411278, -0.048919759690761566, -0.04608916491270065, -0.04325857013463974, -0.04042797163128853, -0.03759737312793732, -0.034766778349876404, -0.03193618357181549, -0.02910558506846428, -0.026274988427758217, -0.023444391787052155, -0.020613795146346092, -0.01778319850564003, -0.014952601864933968, -0.012122005224227905, -0.009291408583521843, -0.006460811942815781, -0.0036302153021097183, -0.0007996261119842529, 0.0020309705287218094, 0.004861567169427872, 0.007692163810133934, 0.010522760450839996, 0.013353357091546059, 0.01618395373225212, 0.019014550372958183, 0.021845147013664246, 0.024675743654370308, 0.02750634029507637, 0.030336936935782433, 0.033167533576488495, 0.03599812835454941, 0.03882872685790062, 0.04165932536125183, 0.044489920139312744, 0.04732051491737366, 0.05015111342072487, 0.05298171192407608, 0.05581230670213699, 0.058642901480197906, 0.06147349998354912, 0.06430409848690033, 0.06713469326496124, 0.06996528804302216, 0.07279588282108307, 0.07562648504972458, 0.07845707982778549, 0.0812876746058464, 0.08411827683448792, 0.08694887161254883, 0.08977946639060974]}, "gradients/model.5.weight": {"_type": "histogram", "values": [1.0, 0.0, 0.0, 0.0, 0.0, 0.0, 1.0, 0.0, 0.0, 0.0, 0.0, 0.0, 0.0, 0.0, 1.0, 0.0, 2.0, 0.0, 0.0, 0.0, 2.0, 0.0, 1.0, 3.0, 106.0, 1.0, 0.0, 1.0, 2.0, 1.0, 0.0, 0.0, 2.0, 0.0, 2.0, 0.0, 0.0, 0.0, 0.0, 1.0, 0.0, 0.0, 0.0, 0.0, 0.0, 0.0, 0.0, 0.0, 0.0, 0.0, 0.0, 0.0, 0.0, 0.0, 0.0, 0.0, 0.0, 0.0, 0.0, 0.0, 0.0, 0.0, 0.0, 1.0], "bins": [-0.034224554896354675, -0.032817624509334564, -0.03141069784760475, -0.03000376746058464, -0.02859683893620968, -0.027189910411834717, -0.025782980024814606, -0.024376051500439644, -0.022969122976064682, -0.02156219445168972, -0.02015526592731476, -0.018748335540294647, -0.017341407015919685, -0.015934478491544724, -0.014527549035847187, -0.01312061958014965, -0.011713691055774689, -0.010306762531399727, -0.00889983307570219, -0.007492904085665941, -0.006085975095629692, -0.004679046105593443, -0.0032721171155571938, -0.0018651876598596573, -0.00045825913548469543, 0.0009486698545515537, 0.002355598844587803, 0.003762527834624052, 0.005169456824660301, 0.00657638581469655, 0.0079833148047328, 0.009390244260430336, 0.010797169059515, 0.012204097583889961, 0.013611027039587498, 0.015017956495285034, 0.016424885019659996, 0.017831813544034958, 0.01923874393105507, 0.02064567245543003, 0.022052600979804993, 0.023459529504179955, 0.024866458028554916, 0.026273388415575027, 0.02768031693994999, 0.02908724546432495, 0.030494175851345062, 0.03190110623836517, 0.033308032900094986, 0.0347149632871151, 0.03612188994884491, 0.03752882033586502, 0.03893575072288513, 0.040342677384614944, 0.041749607771635056, 0.04315653443336487, 0.04456346482038498, 0.04597039520740509, 0.0473773218691349, 0.048784252256155014, 0.05019117891788483, 0.05159810930490494, 0.05300503969192505, 0.05441197007894516, 0.05581889674067497]}, "gradients/model.5.bias": {"_type": "histogram", "values": [1.0, 1.0, 0.0, 0.0, 0.0, 0.0, 0.0, 1.0, 1.0, 0.0, 0.0, 1.0, 0.0, 1.0, 0.0, 0.0, 0.0, 1.0, 0.0, 0.0, 0.0, 0.0, 2.0, 3.0, 105.0, 1.0, 1.0, 0.0, 0.0, 2.0, 0.0, 1.0, 1.0, 0.0, 0.0, 0.0, 1.0, 1.0, 0.0, 0.0, 1.0, 0.0, 1.0, 0.0, 0.0, 0.0, 0.0, 0.0, 0.0, 0.0, 0.0, 0.0, 0.0, 0.0, 0.0, 0.0, 0.0, 0.0, 0.0, 0.0, 0.0, 0.0, 0.0, 1.0], "bins": [-0.08585858345031738, -0.08237514644861221, -0.07889171689748764, -0.07540827989578247, -0.0719248428940773, -0.06844140589237213, -0.06495797634124756, -0.06147453933954239, -0.05799110233783722, -0.05450766906142235, -0.05102423205971718, -0.04754079878330231, -0.04405736178159714, -0.040573928505182266, -0.037090495228767395, -0.033607058227062225, -0.030123624950647354, -0.026640189811587334, -0.023156754672527313, -0.019673321396112442, -0.016189884394407272, -0.012706451117992401, -0.00922301597893238, -0.00573958083987236, -0.0022561457008123398, 0.001227289205417037, 0.004710724111646414, 0.008194158785045147, 0.011677593924105167, 0.015161028131842613, 0.018644463270902634, 0.022127898409962654, 0.025611333549022675, 0.029094768688082695, 0.032578203827142715, 0.03606163710355759, 0.039545074105262756, 0.04302850738167763, 0.0465119406580925, 0.04999537765979767, 0.05347881466150284, 0.05696224793791771, 0.06044568493962288, 0.06392911821603775, 0.06741255521774292, 0.07089598476886749, 0.07437942177057266, 0.07786285877227783, 0.0813462883234024, 0.08482972532510757, 0.08831315487623215, 0.09179659187793732, 0.09528002887964249, 0.09876346588134766, 0.10224689543247223, 0.1057303324341774, 0.10921376943588257, 0.11269720643758774, 0.11618063598871231, 0.11966407299041748, 0.12314750999212265, 0.12663094699382782, 0.1301143765449524, 0.13359782099723816, 0.13708125054836273]}, "gradients/model.4.bias": {"_type": "histogram", "values": [1.0, 0.0, 0.0, 0.0, 0.0, 0.0, 0.0, 0.0, 0.0, 0.0, 0.0, 0.0, 0.0, 0.0, 0.0, 1.0, 0.0, 0.0, 0.0, 0.0, 0.0, 0.0, 1.0, 0.0, 0.0, 0.0, 0.0, 0.0, 1.0, 0.0, 1.0, 0.0, 0.0, 1.0, 1.0, 0.0, 0.0, 114.0, 2.0, 0.0, 0.0, 0.0, 0.0, 0.0, 1.0, 0.0, 2.0, 0.0, 1.0, 0.0, 0.0, 0.0, 0.0, 0.0, 0.0, 0.0, 0.0, 0.0, 0.0, 0.0, 0.0, 0.0, 0.0, 1.0],